month,agency,domestic_violence_incident,source_rows,distinct_incidents,distinct_offense_ids,distinct_arrest_numbers
2021-01,CARLSBAD,,61,58,61,61
2021-01,CHULA VISTA,,45,45,45,45
2021-01,EL CAJON,,52,52,52,52
2021-01,ESCONDIDO,,108,105,108,108
2021-01,HARBOR POLICE,,31,31,31,31
2021-01,LA MESA,,26,26,26,26
2021-01,NATIONAL CITY,,41,41,41,41
2021-01,OCEANSIDE,,79,77,79,79
2021-01,SAN DIEGO,,491,466,491,491
2021-01,SHERIFF,,315,310,315,315
2021-02,CARLSBAD,,65,65,65,65
2021-02,CHULA VISTA,,55,55,55,55
2021-02,EL CAJON,,60,57,60,60
2021-02,ESCONDIDO,,99,99,99,99
2021-02,HARBOR POLICE,,26,26,26,26
2021-02,LA MESA,,24,24,24,24
2021-02,NATIONAL CITY,,55,52,55,55
2021-02,OCEANSIDE,,82,79,82,82
2021-02,SAN DIEGO,,531,513,531,531
2021-02,SHERIFF,,290,288,290,290
2021-03,CARLSBAD,,43,43,43,43
2021-03,CHULA VISTA,,59,58,59,59
2021-03,EL CAJON,,66,65,66,66
2021-03,ESCONDIDO,,106,105,106,106
2021-03,HARBOR POLICE,,39,39,39,39
2021-03,LA MESA,,25,25,25,25
2021-03,NATIONAL CITY,,39,39,39,39
2021-03,OCEANSIDE,,103,103,103,103
2021-03,SAN DIEGO,,592,584,592,592
2021-03,SHERIFF,,360,360,360,360
2021-04,CARLSBAD,,65,63,65,65
2021-04,CHULA VISTA,,49,49,49,49
2021-04,EL CAJON,,60,58,60,60
2021-04,ESCONDIDO,,119,118,119,119
2021-04,HARBOR POLICE,,28,28,28,28
2021-04,LA MESA,,20,20,20,20
2021-04,NATIONAL CITY,,34,32,33,33
2021-04,OCEANSIDE,,102,100,102,102
2021-04,SAN DIEGO,,541,525,540,539
2021-04,SHERIFF,,344,343,344,344
2021-05,CARLSBAD,,73,71,73,73
2021-05,CHULA VISTA,,63,62,63,63
2021-05,EL CAJON,,42,42,42,42
2021-05,ESCONDIDO,,135,133,135,135
2021-05,HARBOR POLICE,,22,22,22,22
2021-05,LA MESA,,26,26,26,26
2021-05,NATIONAL CITY,,44,43,44,44
2021-05,OCEANSIDE,,87,86,87,87
2021-05,SAN DIEGO,,736,715,736,736
2021-05,SHERIFF,,371,368,371,371
2021-06,CARLSBAD,,63,63,63,63
2021-06,CHULA VISTA,,54,53,54,54
2021-06,EL CAJON,,70,66,70,70
2021-06,ESCONDIDO,,126,126,126,126
2021-06,HARBOR POLICE,,23,23,23,23
2021-06,LA MESA,,31,31,31,31
2021-06,NATIONAL CITY,,48,47,48,48
2021-06,OCEANSIDE,,77,77,77,77
2021-06,SAN DIEGO,,642,627,642,642
2021-06,SHERIFF,,329,325,329,329
2021-07,CARLSBAD,,66,65,66,66
2021-07,CHULA VISTA,,49,48,49,49
2021-07,EL CAJON,,55,54,55,55
2021-07,ESCONDIDO,,142,139,142,142
2021-07,HARBOR POLICE,,23,23,23,23
2021-07,LA MESA,,23,22,23,23
2021-07,NATIONAL CITY,,49,47,49,49
2021-07,OCEANSIDE,,77,77,77,77
2021-07,SAN DIEGO,,784,768,784,784
2021-07,SHERIFF,,409,402,408,407
2021-08,CARLSBAD,,64,63,64,64
2021-08,CHULA VISTA,,74,74,74,74
2021-08,EL CAJON,,52,51,52,51
2021-08,ESCONDIDO,,122,119,122,122
2021-08,HARBOR POLICE,,31,31,31,31
2021-08,LA MESA,,24,24,24,24
2021-08,NATIONAL CITY,,31,31,31,31
2021-08,OCEANSIDE,,111,109,111,111
2021-08,SAN DIEGO,,798,789,798,798
2021-08,SHERIFF,,397,386,397,396
2021-09,CARLSBAD,,55,55,55,55
2021-09,CHULA VISTA,,62,57,62,62
2021-09,EL CAJON,,59,58,59,59
2021-09,ESCONDIDO,,136,133,136,136
2021-09,HARBOR POLICE,,32,32,32,32
2021-09,LA MESA,,34,34,34,34
2021-09,NATIONAL CITY,,27,27,27,27
2021-09,OCEANSIDE,,91,91,91,91
2021-09,SAN DIEGO,,728,724,727,727
2021-09,SHERIFF,,373,365,373,373
2021-10,CARLSBAD,,72,69,72,72
2021-10,CHULA VISTA,,71,67,71,71
2021-10,EL CAJON,,97,77,97,97
2021-10,ESCONDIDO,,125,123,125,125
2021-10,HARBOR POLICE,,20,20,20,20
2021-10,LA MESA,,36,36,36,36
2021-10,NATIONAL CITY,,34,33,34,34
2021-10,OCEANSIDE,,84,84,84,84
2021-10,SAN DIEGO,,726,712,724,724
2021-10,SHERIFF,,386,376,384,384
2021-11,CARLSBAD,,95,90,95,95
2021-11,CHULA VISTA,,57,57,57,57
2021-11,EL CAJON,,83,76,83,83
2021-11,ESCONDIDO,,107,102,107,107
2021-11,HARBOR POLICE,,36,36,36,36
2021-11,LA MESA,,31,30,31,31
2021-11,NATIONAL CITY,,42,41,42,42
2021-11,OCEANSIDE,,79,75,78,78
2021-11,SAN DIEGO,,638,619,636,636
2021-11,SHERIFF,,364,350,363,361
2021-12,CARLSBAD,,69,67,69,69
2021-12,CHULA VISTA,,73,73,73,73
2021-12,EL CAJON,,49,47,49,49
2021-12,ESCONDIDO,,118,115,118,118
2021-12,HARBOR POLICE,,23,23,23,23
2021-12,LA MESA,,17,17,17,17
2021-12,NATIONAL CITY,,28,28,28,28
2021-12,OCEANSIDE,,83,80,83,83
2021-12,SAN DIEGO,,560,550,559,559
2021-12,SHERIFF,,421,409,421,421
2022-01,CARLSBAD,,55,54,55,55
2022-01,CHULA VISTA,,64,61,64,64
2022-01,EL CAJON,,48,46,47,47
2022-01,ESCONDIDO,,130,126,130,130
2022-01,HARBOR POLICE,,18,18,18,18
2022-01,LA MESA,,38,35,38,38
2022-01,NATIONAL CITY,,42,42,42,42
2022-01,OCEANSIDE,,97,97,97,97
2022-01,SAN DIEGO,,649,640,649,649
2022-01,SHERIFF,,374,361,374,374
2022-02,CARLSBAD,,53,51,53,53
2022-02,CHULA VISTA,,46,45,46,46
2022-02,EL CAJON,,54,50,53,53
2022-02,ESCONDIDO,,122,118,122,122
2022-02,HARBOR POLICE,,17,17,17,17
2022-02,LA MESA,,21,21,21,21
2022-02,NATIONAL CITY,,23,22,23,23
2022-02,OCEANSIDE,,69,68,69,69
2022-02,SAN DIEGO,,596,589,596,596
2022-02,SHERIFF,,348,343,347,347
2022-03,CARLSBAD,,65,65,65,65
2022-03,CHULA VISTA,,68,68,68,68
2022-03,EL CAJON,,68,64,68,68
2022-03,ESCONDIDO,,154,151,154,154
2022-03,HARBOR POLICE,,20,20,20,20
2022-03,LA MESA,,31,30,31,31
2022-03,NATIONAL CITY,,35,33,34,34
2022-03,OCEANSIDE,,93,90,93,93
2022-03,SAN DIEGO,,800,784,798,798
2022-03,SHERIFF,,427,418,426,426
2022-04,CARLSBAD,,68,68,68,68
2022-04,CHULA VISTA,,71,70,71,71
2022-04,EL CAJON,,75,71,75,75
2022-04,ESCONDIDO,,128,127,128,128
2022-04,HARBOR POLICE,,15,15,15,15
2022-04,LA MESA,,27,26,27,27
2022-04,NATIONAL CITY,,32,32,32,32
2022-04,OCEANSIDE,,114,114,114,114
2022-04,SAN DIEGO,,736,720,735,735
2022-04,SHERIFF,,410,402,410,409
2022-05,CARLSBAD,,70,69,70,70
2022-05,CHULA VISTA,,72,71,72,72
2022-05,EL CAJON,,46,45,45,45
2022-05,ESCONDIDO,,127,125,127,127
2022-05,HARBOR POLICE,,15,15,15,15
2022-05,LA MESA,,22,22,22,22
2022-05,NATIONAL CITY,,27,27,27,27
2022-05,OCEANSIDE,,98,98,98,98
2022-05,SAN DIEGO,,709,698,709,709
2022-05,SHERIFF,,399,390,399,399
2022-06,CARLSBAD,,62,61,62,62
2022-06,CHULA VISTA,,62,58,62,62
2022-06,EL CAJON,,71,66,71,71
2022-06,ESCONDIDO,,152,147,152,152
2022-06,HARBOR POLICE,,10,10,10,10
2022-06,LA MESA,,36,36,36,36
2022-06,NATIONAL CITY,,19,18,19,19
2022-06,OCEANSIDE,,97,97,97,97
2022-06,SAN DIEGO,,634,611,632,632
2022-06,SHERIFF,,373,363,373,372
2022-07,CARLSBAD,,61,60,61,61
2022-07,CHULA VISTA,,70,69,70,70
2022-07,EL CAJON,,54,52,54,54
2022-07,ESCONDIDO,,125,124,125,125
2022-07,HARBOR POLICE,,32,32,32,32
2022-07,LA MESA,,32,32,32,32
2022-07,NATIONAL CITY,,38,38,38,38
2022-07,OCEANSIDE,,110,104,110,110
2022-07,SAN DIEGO,,678,666,677,677
2022-07,SHERIFF,,405,399,404,404
2022-08,CARLSBAD,,54,52,54,54
2022-08,CHULA VISTA,,61,61,61,61
2022-08,EL CAJON,,110,102,110,110
2022-08,ESCONDIDO,,156,152,156,156
2022-08,HARBOR POLICE,,26,26,26,26
2022-08,LA MESA,,29,29,29,29
2022-08,NATIONAL CITY,,26,25,26,26
2022-08,OCEANSIDE,,118,116,118,118
2022-08,SAN DIEGO,,647,633,646,646
2022-08,SHERIFF,,427,419,427,427
2022-09,CARLSBAD,,52,50,52,52
2022-09,CHULA VISTA,,95,80,93,93
2022-09,EL CAJON,,85,76,85,85
2022-09,ESCONDIDO,,153,151,153,153
2022-09,HARBOR POLICE,,24,24,24,24
2022-09,LA MESA,,33,33,33,33
2022-09,NATIONAL CITY,,36,36,36,36
2022-09,OCEANSIDE,,90,90,90,90
2022-09,SAN DIEGO,,643,633,642,642
2022-09,SHERIFF,,398,389,397,396
2022-10,CARLSBAD,,50,47,49,49
2022-10,CHULA VISTA,,65,65,65,65
2022-10,EL CAJON,,98,83,98,98
2022-10,ESCONDIDO,,163,161,163,163
2022-10,HARBOR POLICE,,27,27,27,27
2022-10,LA MESA,,28,28,28,28
2022-10,NATIONAL CITY,,34,33,34,34
2022-10,OCEANSIDE,,80,80,80,80
2022-10,SAN DIEGO,,641,633,640,640
2022-10,SHERIFF,,439,432,439,439
2022-11,CARLSBAD,,63,62,63,63
2022-11,CHULA VISTA,,60,55,58,57
2022-11,EL CAJON,,92,71,92,90
2022-11,ESCONDIDO,,148,148,148,148
2022-11,HARBOR POLICE,,18,18,18,18
2022-11,LA MESA,,31,31,31,31
2022-11,NATIONAL CITY,,28,28,28,28
2022-11,OCEANSIDE,,90,90,90,90
2022-11,SAN DIEGO,,574,564,572,572
2022-11,SHERIFF,,397,394,396,396
2022-12,CARLSBAD,,63,60,63,63
2022-12,CHULA VISTA,,72,72,72,72
2022-12,EL CAJON,,79,72,79,79
2022-12,ESCONDIDO,,120,119,120,120
2022-12,HARBOR POLICE,,27,27,27,27
2022-12,LA MESA,,45,43,45,45
2022-12,NATIONAL CITY,,32,31,32,32
2022-12,OCEANSIDE,,87,86,87,87
2022-12,SAN DIEGO,,558,552,557,557
2022-12,SHERIFF,,418,409,418,418
2023-01,CARLSBAD,,47,44,47,47
2023-01,CHULA VISTA,,84,81,84,84
2023-01,EL CAJON,,67,62,67,67
2023-01,ESCONDIDO,,130,127,130,130
2023-01,HARBOR POLICE,,30,30,30,30
2023-01,LA MESA,,39,38,39,39
2023-01,NATIONAL CITY,,27,27,27,27
2023-01,OCEANSIDE,,76,76,76,76
2023-01,SAN DIEGO,,621,607,619,619
2023-01,SHERIFF,,390,383,389,389
2023-02,CARLSBAD,,51,47,51,51
2023-02,CHULA VISTA,,69,65,69,68
2023-02,EL CAJON,,47,47,47,47
2023-02,ESCONDIDO,,137,135,137,137
2023-02,HARBOR POLICE,,24,24,24,24
2023-02,LA MESA,,54,53,54,54
2023-02,NATIONAL CITY,,25,25,25,25
2023-02,OCEANSIDE,,77,77,77,77
2023-02,SAN DIEGO,,577,570,576,576
2023-02,SHERIFF,,369,354,368,368
2023-03,CARLSBAD,,46,45,46,46
2023-03,CHULA VISTA,,84,78,84,84
2023-03,EL CAJON,,96,78,96,96
2023-03,ESCONDIDO,,111,109,111,111
2023-03,HARBOR POLICE,,16,16,16,16
2023-03,LA MESA,,44,43,44,44
2023-03,NATIONAL CITY,,40,40,40,40
2023-03,OCEANSIDE,,94,93,94,94
2023-03,SAN DIEGO,,612,601,612,612
2023-03,SHERIFF,,442,434,442,442
2023-04,CARLSBAD,,43,38,43,43
2023-04,CHULA VISTA,,63,62,62,62
2023-04,EL CAJON,,77,61,76,76
2023-04,ESCONDIDO,,129,123,129,129
2023-04,HARBOR POLICE,,18,18,18,18
2023-04,LA MESA,,29,28,29,29
2023-04,NATIONAL CITY,,22,22,22,22
2023-04,OCEANSIDE,,95,94,95,95
2023-04,SAN DIEGO,,610,606,610,610
2023-04,SHERIFF,,404,399,404,404
2023-05,CARLSBAD,,43,42,43,43
2023-05,CHULA VISTA,,66,66,66,66
2023-05,EL CAJON,,160,103,160,160
2023-05,ESCONDIDO,,134,131,134,134
2023-05,HARBOR POLICE,,31,31,31,31
2023-05,LA MESA,,47,47,47,47
2023-05,NATIONAL CITY,,30,30,30,30
2023-05,OCEANSIDE,,96,96,96,96
2023-05,SAN DIEGO,,741,729,739,739
2023-05,SHERIFF,,390,387,390,390
2023-06,CARLSBAD,,83,79,83,83
2023-06,CHULA VISTA,,84,83,84,84
2023-06,EL CAJON,,116,87,116,116
2023-06,ESCONDIDO,,175,171,175,175
2023-06,HARBOR POLICE,,25,25,25,25
2023-06,LA MESA,,44,44,44,44
2023-06,NATIONAL CITY,,32,32,32,32
2023-06,OCEANSIDE,,75,75,75,75
2023-06,SAN DIEGO,,631,615,630,630
2023-06,SHERIFF,,432,421,431,431
2023-07,CARLSBAD,,60,60,60,60
2023-07,CHULA VISTA,,77,76,77,77
2023-07,EL CAJON,,66,58,66,65
2023-07,ESCONDIDO,,132,129,132,132
2023-07,HARBOR POLICE,,32,32,32,32
2023-07,LA MESA,,52,51,52,52
2023-07,NATIONAL CITY,,34,33,34,34
2023-07,OCEANSIDE,,112,109,112,112
2023-07,SAN DIEGO,,677,658,676,676
2023-07,SHERIFF,,435,428,434,434
2023-08,CARLSBAD,,72,66,72,72
2023-08,CHULA VISTA,,76,74,76,76
2023-08,EL CAJON,,65,61,65,65
2023-08,ESCONDIDO,,137,134,137,137
2023-08,HARBOR POLICE,,29,29,29,29
2023-08,LA MESA,,46,46,46,46
2023-08,NATIONAL CITY,,35,33,35,35
2023-08,OCEANSIDE,,102,102,102,102
2023-08,SAN DIEGO,,627,610,623,622
2023-08,SHERIFF,,525,520,524,524
2023-09,CARLSBAD,,76,70,76,76
2023-09,CHULA VISTA,,81,80,81,81
2023-09,EL CAJON,,49,48,49,49
2023-09,ESCONDIDO,,149,146,149,149
2023-09,HARBOR POLICE,,29,29,29,29
2023-09,LA MESA,,52,52,52,52
2023-09,NATIONAL CITY,,32,32,32,32
2023-09,OCEANSIDE,,115,115,115,115
2023-09,SAN DIEGO,,546,528,544,544
2023-09,SHERIFF,,519,505,517,517
2023-10,CARLSBAD,,52,52,52,52
2023-10,CHULA VISTA,,71,71,71,71
2023-10,EL CAJON,,92,79,92,92
2023-10,ESCONDIDO,,162,155,162,162
2023-10,HARBOR POLICE,,25,25,25,25
2023-10,LA MESA,,46,46,46,46
2023-10,NATIONAL CITY,,25,24,25,25
2023-10,OCEANSIDE,,75,75,75,75
2023-10,SAN DIEGO,,601,594,601,600
2023-10,SHERIFF,,573,568,573,572
2023-11,CARLSBAD,,65,65,65,65
2023-11,CHULA VISTA,,92,90,92,92
2023-11,EL CAJON,,72,59,72,72
2023-11,ESCONDIDO,,150,147,150,150
2023-11,HARBOR POLICE,,30,30,30,30
2023-11,LA MESA,,41,41,41,41
2023-11,NATIONAL CITY,,49,43,49,49
2023-11,OCEANSIDE,,90,89,90,90
2023-11,SAN DIEGO,,647,639,645,645
2023-11,SHERIFF,,477,468,476,476
2023-12,CARLSBAD,,74,73,74,74
2023-12,CHULA VISTA,,87,86,87,87
2023-12,EL CAJON,,70,63,69,69
2023-12,ESCONDIDO,,147,145,147,147
2023-12,HARBOR POLICE,,39,39,39,39
2023-12,LA MESA,,51,51,51,51
2023-12,NATIONAL CITY,,48,45,48,48
2023-12,OCEANSIDE,,84,83,84,84
2023-12,SAN DIEGO,,573,570,573,573
2023-12,SHERIFF,,453,451,453,453
2024-01,CARLSBAD,,58,57,58,58
2024-01,CHULA VISTA,,59,59,59,59
2024-01,EL CAJON,,87,71,87,87
2024-01,ESCONDIDO,,141,139,141,141
2024-01,HARBOR POLICE,,35,35,35,35
2024-01,LA MESA,,50,50,50,50
2024-01,NATIONAL CITY,,27,26,27,27
2024-01,OCEANSIDE,,89,88,89,89
2024-01,SAN DIEGO,,608,596,607,606
2024-01,SHERIFF,,510,504,509,509
2024-02,CARLSBAD,,62,62,62,62
2024-02,CHULA VISTA,,69,67,69,69
2024-02,EL CAJON,,78,65,78,77
2024-02,ESCONDIDO,,133,130,133,133
2024-02,HARBOR POLICE,,30,30,30,30
2024-02,LA MESA,,49,49,49,49
2024-02,NATIONAL CITY,,36,36,36,36
2024-02,OCEANSIDE,,66,66,66,66
2024-02,SAN DIEGO,,581,570,578,578
2024-02,SHERIFF,,433,418,431,431
2024-03,CARLSBAD,,82,81,82,82
2024-03,CHULA VISTA,,94,92,94,94
2024-03,EL CAJON,,55,53,55,55
2024-03,ESCONDIDO,,148,145,148,148
2024-03,HARBOR POLICE,,35,35,35,35
2024-03,LA MESA,,36,36,36,36
2024-03,NATIONAL CITY,,45,44,45,45
2024-03,OCEANSIDE,,83,83,83,83
2024-03,SAN DIEGO,,627,616,627,626
2024-03,SHERIFF,,509,500,509,509
2024-04,CARLSBAD,,62,62,62,62
2024-04,CHULA VISTA,,87,86,86,86
2024-04,EL CAJON,,66,59,66,66
2024-04,ESCONDIDO,,134,130,134,134
2024-04,HARBOR POLICE,,34,34,34,34
2024-04,LA MESA,,42,42,42,42
2024-04,NATIONAL CITY,,34,29,34,34
2024-04,OCEANSIDE,,82,81,82,82
2024-04,SAN DIEGO,,577,569,576,576
2024-04,SHERIFF,,480,474,480,480
2024-05,CARLSBAD,,75,75,75,75
2024-05,CHULA VISTA,,86,85,86,86
2024-05,EL CAJON,,60,56,60,60
2024-05,ESCONDIDO,,155,150,155,155
2024-05,HARBOR POLICE,,48,48,48,48
2024-05,LA MESA,,44,43,44,44
2024-05,NATIONAL CITY,,34,33,33,33
2024-05,OCEANSIDE,,80,78,79,79
2024-05,SAN DIEGO,,632,617,631,631
2024-05,SHERIFF,,481,473,479,479
2024-06,CARLSBAD,,59,58,59,59
2024-06,CHULA VISTA,,103,100,103,103
2024-06,EL CAJON,,92,71,92,92
2024-06,ESCONDIDO,,147,141,147,147
2024-06,HARBOR POLICE,,28,28,28,28
2024-06,LA MESA,,42,42,42,42
2024-06,NATIONAL CITY,,36,36,36,36
2024-06,OCEANSIDE,,82,82,82,82
2024-06,SAN DIEGO,,619,606,618,618
2024-06,SHERIFF,,466,450,465,463
2024-07,CARLSBAD,,56,56,56,56
2024-07,CHULA VISTA,,89,83,89,89
2024-07,EL CAJON,,72,57,72,70
2024-07,ESCONDIDO,,134,133,134,134
2024-07,HARBOR POLICE,,43,41,43,42
2024-07,LA MESA,,36,36,36,36
2024-07,NATIONAL CITY,,32,31,32,32
2024-07,OCEANSIDE,,58,57,58,58
2024-07,SAN DIEGO,,632,613,630,629
2024-07,SHERIFF,,431,427,431,431
2024-08,CARLSBAD,,71,71,71,71
2024-08,CHULA VISTA,,123,116,122,121
2024-08,EL CAJON,,87,76,86,85
2024-08,ESCONDIDO,,164,156,164,164
2024-08,HARBOR POLICE,,42,42,42,42
2024-08,LA MESA,,52,50,52,52
2024-08,NATIONAL CITY,,42,40,42,42
2024-08,OCEANSIDE,,87,85,87,87
2024-08,SAN DIEGO,,681,663,678,678
2024-08,SHERIFF,,418,416,418,418
2024-09,CARLSBAD,,73,71,73,73
2024-09,CHULA VISTA,,81,80,81,81
2024-09,EL CAJON,,98,83,98,98
2024-09,ESCONDIDO,,157,147,157,157
2024-09,HARBOR POLICE,,31,31,31,31
2024-09,LA MESA,,56,52,56,56
2024-09,NATIONAL CITY,,37,36,37,37
2024-09,OCEANSIDE,,77,75,75,75
2024-09,SAN DIEGO,,656,643,655,654
2024-09,SHERIFF,,456,448,455,455
2024-10,CARLSBAD,,59,59,59,59
2024-10,CHULA VISTA,,106,101,106,106
2024-10,EL CAJON,,97,84,96,96
2024-10,ESCONDIDO,,125,123,125,125
2024-10,HARBOR POLICE,,42,42,42,42
2024-10,LA MESA,,39,39,39,39
2024-10,NATIONAL CITY,,38,34,38,38
2024-10,OCEANSIDE,,87,84,87,87
2024-10,SAN DIEGO,,695,685,695,695
2024-10,SHERIFF,,455,443,454,454
2024-11,CARLSBAD,,47,47,47,47
2024-11,CHULA VISTA,,109,108,109,109
2024-11,EL CAJON,,61,53,61,61
2024-11,ESCONDIDO,,143,141,143,143
2024-11,HARBOR POLICE,,44,44,44,44
2024-11,LA MESA,,55,55,55,55
2024-11,NATIONAL CITY,,32,32,32,32
2024-11,OCEANSIDE,,95,94,95,95
2024-11,SAN DIEGO,,783,756,782,782
2024-11,SHERIFF,,342,338,342,342
2024-12,CARLSBAD,,46,46,46,46
2024-12,CHULA VISTA,,87,86,87,87
2024-12,EL CAJON,,82,73,81,81
2024-12,ESCONDIDO,,126,121,126,126
2024-12,HARBOR POLICE,,40,40,40,40
2024-12,LA MESA,,68,68,68,68
2024-12,NATIONAL CITY,,33,33,33,33
2024-12,OCEANSIDE,,66,66,66,66
2024-12,SAN DIEGO,,773,764,772,772
2024-12,SHERIFF,,264,264,264,264
2025-01,CARLSBAD,,46,46,46,46
2025-01,CHULA VISTA,,120,120,120,120
2025-01,EL CAJON,,86,82,86,86
2025-01,ESCONDIDO,,145,141,145,145
2025-01,HARBOR POLICE,,22,22,22,22
2025-01,LA MESA,,60,58,60,60
2025-01,NATIONAL CITY,,46,46,46,46
2025-01,OCEANSIDE,,80,79,80,80
2025-01,SAN DIEGO,,678,666,678,677
2025-01,SHERIFF,,270,270,270,270
2025-02,CARLSBAD,,55,53,55,55
2025-02,CHULA VISTA,,104,103,104,104
2025-02,EL CAJON,,83,78,82,82
2025-02,ESCONDIDO,,132,131,132,132
2025-02,HARBOR POLICE,,30,30,30,30
2025-02,LA MESA,,56,55,56,56
2025-02,NATIONAL CITY,,46,41,44,44
2025-02,OCEANSIDE,,63,62,63,63
2025-02,SAN DIEGO,,682,671,678,678
2025-02,SHERIFF,,236,236,236,236
2025-03,CARLSBAD,,64,64,64,64
2025-03,CHULA VISTA,,115,115,115,115
2025-03,EL CAJON,,109,96,109,108
2025-03,ESCONDIDO,,166,159,166,166
2025-03,HARBOR POLICE,,29,29,29,29
2025-03,LA MESA,,59,57,59,58
2025-03,NATIONAL CITY,,51,49,51,51
2025-03,OCEANSIDE,,104,104,104,104
2025-03,SAN DIEGO,,761,742,759,759
2025-03,SHERIFF,,273,267,267,272
2025-04,CARLSBAD,,53,52,53,53
2025-04,CHULA VISTA,,101,100,100,100
2025-04,EL CAJON,,83,67,83,83
2025-04,ESCONDIDO,,134,133,134,134
2025-04,HARBOR POLICE,,35,35,35,35
2025-04,LA MESA,,60,60,60,60
2025-04,NATIONAL CITY,,33,31,33,33
2025-04,OCEANSIDE,,101,100,101,101
2025-04,SAN DIEGO,,765,754,765,765
2025-04,SHERIFF,,268,265,265,267
2025-05,CARLSBAD,,67,67,67,67
2025-05,CHULA VISTA,,115,113,114,114
2025-05,EL CAJON,,92,84,92,92
2025-05,ESCONDIDO,,153,152,153,153
2025-05,HARBOR POLICE,,43,43,43,43
2025-05,LA MESA,,68,66,67,67
2025-05,NATIONAL CITY,,38,38,38,38
2025-05,OCEANSIDE,,96,93,96,96
2025-05,SAN DIEGO,,729,725,729,729
2025-05,SHERIFF,,295,291,291,295
2025-06,CARLSBAD,,71,71,71,71
2025-06,CHULA VISTA,,89,86,89,89
2025-06,EL CAJON,,94,88,94,94
2025-06,ESCONDIDO,,146,132,146,146
2025-06,HARBOR POLICE,,38,38,38,38
2025-06,LA MESA,,60,58,60,59
2025-06,NATIONAL CITY,,33,32,33,33
2025-06,OCEANSIDE,,88,88,88,88
2025-06,SAN DIEGO,,740,730,739,738
2025-06,SHERIFF,,392,382,389,390
2025-07,CARLSBAD,,60,60,60,60
2025-07,CHULA VISTA,,104,100,104,104
2025-07,EL CAJON,,84,81,84,84
2025-07,ESCONDIDO,,135,133,135,135
2025-07,HARBOR POLICE,,34,34,34,34
2025-07,LA MESA,,61,61,61,61
2025-07,NATIONAL CITY,,55,54,55,55
2025-07,OCEANSIDE,,124,121,123,123
2025-07,SAN DIEGO,,830,805,827,826
2025-07,SHERIFF,,494,477,491,491
2025-08,CARLSBAD,,64,64,64,64
2025-08,CHULA VISTA,,111,92,111,111
2025-08,EL CAJON,,96,84,96,96
2025-08,ESCONDIDO,,170,165,170,170
2025-08,HARBOR POLICE,,42,42,42,42
2025-08,LA MESA,,69,68,69,69
2025-08,NATIONAL CITY,,49,49,49,49
2025-08,OCEANSIDE,,125,123,125,125
2025-08,SAN DIEGO,,797,781,796,796
2025-08,SHERIFF,,466,453,465,464
2025-09,CARLSBAD,,40,39,40,40
2025-09,CHULA VISTA,,101,98,100,100
2025-09,EL CAJON,,135,103,134,132
2025-09,ESCONDIDO,,124,120,124,124
2025-09,HARBOR POLICE,,33,33,33,33
2025-09,LA MESA,,66,65,66,66
2025-09,NATIONAL CITY,,42,41,42,42
2025-09,OCEANSIDE,,91,90,91,91
2025-09,SAN DIEGO,,746,725,741,740
2025-09,SHERIFF,,445,438,444,444
2025-10,CARLSBAD,,40,40,40,40
2025-10,CHULA VISTA,,100,99,100,100
2025-10,EL CAJON,,80,78,80,80
2025-10,ESCONDIDO,,151,147,151,151
2025-10,HARBOR POLICE,,31,31,31,31
2025-10,LA MESA,,56,55,55,55
2025-10,NATIONAL CITY,,55,46,53,53
2025-10,OCEANSIDE,,94,93,94,93
2025-10,SAN DIEGO,,691,678,689,689
2025-10,SHERIFF,,483,471,483,483
2025-11,CARLSBAD,,72,72,72,72
2025-11,CHULA VISTA,,98,95,98,98
2025-11,EL CAJON,,82,75,82,82
2025-11,ESCONDIDO,,149,149,149,149
2025-11,HARBOR POLICE,,36,34,36,36
2025-11,LA MESA,,65,60,65,64
2025-11,NATIONAL CITY,,46,42,46,46
2025-11,OCEANSIDE,,94,93,93,93
2025-11,SAN DIEGO,,651,643,650,650
2025-11,SHERIFF,,423,407,421,421
2025-12,CARLSBAD,,52,49,51,51
2025-12,CHULA VISTA,,101,101,101,101
2025-12,EL CAJON,,104,68,104,104
2025-12,ESCONDIDO,,116,113,116,116
2025-12,HARBOR POLICE,,32,32,32,32
2025-12,LA MESA,,58,58,58,58
2025-12,NATIONAL CITY,,36,35,36,36
2025-12,OCEANSIDE,,84,82,84,84
2025-12,SAN DIEGO,,639,628,637,637
2025-12,SHERIFF,,436,426,436,436
2026-01,CARLSBAD,,78,78,78,78
2026-01,CHULA VISTA,,100,100,100,100
2026-01,EL CAJON,,84,71,84,82
2026-01,ESCONDIDO,,126,123,126,126
2026-01,HARBOR POLICE,,35,32,35,35
2026-01,LA MESA,,90,88,90,90
2026-01,NATIONAL CITY,,24,23,24,24
2026-01,OCEANSIDE,,117,115,117,116
2026-01,SAN DIEGO,,691,677,690,689
2026-01,SHERIFF,,433,424,432,432
2026-02,CARLSBAD,,80,80,80,80
2026-02,CHULA VISTA,,95,94,95,95
2026-02,EL CAJON,,68,64,67,67
2026-02,ESCONDIDO,,167,166,167,167
2026-02,HARBOR POLICE,,26,26,26,26
2026-02,LA MESA,,60,60,60,60
2026-02,NATIONAL CITY,,48,45,48,47
2026-02,OCEANSIDE,,95,95,95,95
2026-02,SAN DIEGO,,659,645,658,658
2026-02,SHERIFF,,414,400,414,413
2026-03,CARLSBAD,,67,67,67,67
2026-03,CHULA VISTA,,113,111,113,113
2026-03,EL CAJON,,96,83,96,96
2026-03,ESCONDIDO,,145,144,145,145
2026-03,HARBOR POLICE,,35,35,35,35
2026-03,LA MESA,,68,67,68,68
2026-03,NATIONAL CITY,,50,47,50,50
2026-03,OCEANSIDE,,114,113,114,114
2026-03,SAN DIEGO,,663,652,662,662
2026-03,SHERIFF,,441,430,440,439
2026-04,CARLSBAD,,55,55,55,55
2026-04,CHULA VISTA,,97,97,97,97
2026-04,EL CAJON,,88,80,88,88
2026-04,ESCONDIDO,,146,142,146,146
2026-04,HARBOR POLICE,,39,39,39,39
2026-04,LA MESA,,80,79,80,80
2026-04,NATIONAL CITY,,40,38,40,40
2026-04,OCEANSIDE,,110,110,110,110
2026-04,SAN DIEGO,,614,607,612,612
2026-04,SHERIFF,,399,394,399,399
2026-05,CARLSBAD,,75,74,75,75
2026-05,CHULA VISTA,,111,110,111,111
2026-05,EL CAJON,,66,64,66,66
2026-05,ESCONDIDO,,143,141,143,143
2026-05,HARBOR POLICE,,41,40,41,41
2026-05,LA MESA,,54,54,54,54
2026-05,NATIONAL CITY,,47,46,47,47
2026-05,OCEANSIDE,,105,105,105,105
2026-05,SAN DIEGO,,654,648,651,651
2026-05,SHERIFF,,406,397,406,406
2026-06,CARLSBAD,,73,73,73,73
2026-06,CHULA VISTA,,84,82,84,84
2026-06,EL CAJON,,76,65,76,76
2026-06,ESCONDIDO,,147,146,147,147
2026-06,HARBOR POLICE,,34,34,34,34
2026-06,LA MESA,,60,58,60,60
2026-06,NATIONAL CITY,,31,31,31,31
2026-06,OCEANSIDE,,106,105,106,106
2026-06,SAN DIEGO,,661,650,659,659
2026-06,SHERIFF,,390,382,390,390
2026-07,CARLSBAD,,86,85,86,86
2026-07,CHULA VISTA,,108,106,108,108
2026-07,EL CAJON,,88,77,88,88
2026-07,ESCONDIDO,,159,155,159,159
2026-07,HARBOR POLICE,,38,37,38,38
2026-07,LA MESA,,72,71,72,72
2026-07,NATIONAL CITY,,35,35,35,35
2026-07,OCEANSIDE,,122,120,122,122
2026-07,SAN DIEGO,,704,690,703,703
2026-07,SHERIFF,,388,386,387,387
2026-08,CARLSBAD,,71,70,71,71
2026-08,CHULA VISTA,,94,93,93,93
2026-08,EL CAJON,,85,77,84,84
2026-08,ESCONDIDO,,165,164,165,165
2026-08,HARBOR POLICE,,37,35,37,37
2026-08,LA MESA,,88,88,88,88
2026-08,NATIONAL CITY,,37,37,37,37
2026-08,OCEANSIDE,,104,104,104,104
2026-08,SAN DIEGO,,647,632,645,644
2026-08,SHERIFF,,375,373,375,375
2026-09,CARLSBAD,,34,33,34,34
2026-09,CHULA VISTA,,53,53,53,53
2026-09,EL CAJON,,41,40,41,41
2026-09,ESCONDIDO,,110,106,110,110
2026-09,HARBOR POLICE,,20,20,20,20
2026-09,LA MESA,,37,36,37,37
2026-09,NATIONAL CITY,,27,25,27,27
2026-09,OCEANSIDE,,80,80,80,80
2026-09,SAN DIEGO,,494,486,493,493
2026-09,SHERIFF,,223,219,223,223
