month,agency,domestic_violence_incident,source_rows,distinct_incidents,distinct_offense_ids
2021-01,CARLSBAD,False,440,343,420
2021-01,CARLSBAD,True,28,25,27
2021-01,CHULA VISTA,False,880,664,796
2021-01,CHULA VISTA,True,113,93,112
2021-01,EL CAJON,False,565,422,536
2021-01,EL CAJON,True,84,72,84
2021-01,ESCONDIDO,False,755,574,691
2021-01,ESCONDIDO,True,73,62,73
2021-01,HARBOR POLICE,False,142,109,140
2021-01,HARBOR POLICE,True,9,9,9
2021-01,LA MESA,False,241,174,222
2021-01,LA MESA,True,32,28,32
2021-01,NATIONAL CITY,False,284,207,247
2021-01,NATIONAL CITY,True,36,25,36
2021-01,OCEANSIDE,False,893,739,860
2021-01,OCEANSIDE,True,53,51,53
2021-01,SAN DIEGO,False,5633,4490,5124
2021-01,SAN DIEGO,True,494,415,492
2021-01,SHERIFF,False,3078,2260,2876
2021-01,SHERIFF,True,334,281,333
2021-01,SYCUAN TRIBAL POLICE DEPARTMENT,False,25,17,25
2021-01,SYCUAN TRIBAL POLICE DEPARTMENT,True,7,6,7
2021-02,CARLSBAD,False,371,297,357
2021-02,CARLSBAD,True,25,22,25
2021-02,CHULA VISTA,False,844,632,768
2021-02,CHULA VISTA,True,96,72,96
2021-02,EL CAJON,False,475,368,438
2021-02,EL CAJON,True,66,52,65
2021-02,ESCONDIDO,False,596,465,555
2021-02,ESCONDIDO,True,55,48,55
2021-02,HARBOR POLICE,False,143,100,140
2021-02,HARBOR POLICE,True,15,10,15
2021-02,LA MESA,False,239,188,226
2021-02,LA MESA,True,26,21,26
2021-02,NATIONAL CITY,False,281,229,259
2021-02,NATIONAL CITY,True,32,23,32
2021-02,OCEANSIDE,False,852,691,817
2021-02,OCEANSIDE,True,74,56,73
2021-02,SAN DIEGO,False,5255,4136,4768
2021-02,SAN DIEGO,True,448,372,443
2021-02,SHERIFF,False,2518,1866,2383
2021-02,SHERIFF,True,303,246,301
2021-02,SYCUAN TRIBAL POLICE DEPARTMENT,False,22,18,22
2021-02,SYCUAN TRIBAL POLICE DEPARTMENT,True,1,1,1
2021-03,CARLSBAD,False,396,321,384
2021-03,CARLSBAD,True,34,24,34
2021-03,CHULA VISTA,False,771,570,679
2021-03,CHULA VISTA,True,98,83,98
2021-03,EL CAJON,False,466,350,443
2021-03,EL CAJON,True,72,56,70
2021-03,ESCONDIDO,False,699,528,644
2021-03,ESCONDIDO,True,69,60,69
2021-03,HARBOR POLICE,False,146,109,144
2021-03,HARBOR POLICE,True,9,8,9
2021-03,LA MESA,False,212,169,199
2021-03,LA MESA,True,30,23,30
2021-03,NATIONAL CITY,False,299,232,277
2021-03,NATIONAL CITY,True,37,28,37
2021-03,OCEANSIDE,False,862,719,838
2021-03,OCEANSIDE,True,76,61,75
2021-03,SAN DIEGO,False,5240,4155,4762
2021-03,SAN DIEGO,True,501,424,497
2021-03,SHERIFF,False,2692,2004,2542
2021-03,SHERIFF,True,337,273,336
2021-04,CARLSBAD,False,429,338,410
2021-04,CARLSBAD,True,23,20,23
2021-04,CHULA VISTA,False,763,566,690
2021-04,CHULA VISTA,True,106,83,106
2021-04,EL CAJON,False,435,321,407
2021-04,EL CAJON,True,79,62,79
2021-04,ESCONDIDO,False,599,480,558
2021-04,ESCONDIDO,True,47,44,47
2021-04,HARBOR POLICE,False,120,87,119
2021-04,HARBOR POLICE,True,15,11,15
2021-04,LA MESA,False,249,190,225
2021-04,LA MESA,True,31,25,31
2021-04,NATIONAL CITY,False,273,213,250
2021-04,NATIONAL CITY,True,34,23,34
2021-04,OCEANSIDE,False,783,638,742
2021-04,OCEANSIDE,True,63,53,63
2021-04,SAN DIEGO,False,5120,4059,4611
2021-04,SAN DIEGO,True,474,416,470
2021-04,SHERIFF,False,2832,2107,2673
2021-04,SHERIFF,True,386,292,385
2021-05,CARLSBAD,False,456,351,441
2021-05,CARLSBAD,True,42,32,41
2021-05,CHULA VISTA,False,791,558,714
2021-05,CHULA VISTA,True,118,96,118
2021-05,EL CAJON,False,472,358,445
2021-05,EL CAJON,True,61,48,60
2021-05,ESCONDIDO,False,598,468,551
2021-05,ESCONDIDO,True,68,62,68
2021-05,HARBOR POLICE,False,132,101,131
2021-05,HARBOR POLICE,True,25,13,25
2021-05,LA MESA,False,192,147,177
2021-05,LA MESA,True,53,44,53
2021-05,NATIONAL CITY,False,274,206,241
2021-05,NATIONAL CITY,True,48,40,48
2021-05,OCEANSIDE,False,832,688,793
2021-05,OCEANSIDE,True,77,68,77
2021-05,SAN DIEGO,False,5571,4362,5024
2021-05,SAN DIEGO,True,541,463,537
2021-05,SHERIFF,False,3083,2285,2905
2021-05,SHERIFF,True,432,322,427
2021-05,SYCUAN TRIBAL POLICE DEPARTMENT,False,24,24,24
2021-05,SYCUAN TRIBAL POLICE DEPARTMENT,True,7,6,7
2021-06,CARLSBAD,False,373,311,363
2021-06,CARLSBAD,True,22,15,22
2021-06,CHULA VISTA,False,711,542,644
2021-06,CHULA VISTA,True,118,104,118
2021-06,EL CAJON,False,469,355,434
2021-06,EL CAJON,True,70,65,70
2021-06,ESCONDIDO,False,607,480,560
2021-06,ESCONDIDO,True,90,77,90
2021-06,HARBOR POLICE,False,126,102,124
2021-06,HARBOR POLICE,True,9,6,9
2021-06,LA MESA,False,184,143,170
2021-06,LA MESA,True,35,27,35
2021-06,NATIONAL CITY,False,293,216,266
2021-06,NATIONAL CITY,True,50,37,49
2021-06,OCEANSIDE,False,759,626,726
2021-06,OCEANSIDE,True,65,57,65
2021-06,SAN DIEGO,False,5234,4164,4744
2021-06,SAN DIEGO,True,490,423,484
2021-06,SHERIFF,False,2825,2085,2687
2021-06,SHERIFF,True,393,331,392
2021-06,SYCUAN TRIBAL POLICE DEPARTMENT,False,12,11,12
2021-06,SYCUAN TRIBAL POLICE DEPARTMENT,True,2,2,2
2021-07,CARLSBAD,False,370,291,358
2021-07,CARLSBAD,True,31,23,31
2021-07,CHULA VISTA,False,727,528,653
2021-07,CHULA VISTA,True,132,106,131
2021-07,EL CAJON,False,496,360,461
2021-07,EL CAJON,True,111,87,111
2021-07,ESCONDIDO,False,650,495,609
2021-07,ESCONDIDO,True,68,57,68
2021-07,HARBOR POLICE,False,148,117,145
2021-07,HARBOR POLICE,True,7,7,7
2021-07,LA MESA,False,262,213,246
2021-07,LA MESA,True,24,21,24
2021-07,NATIONAL CITY,False,301,226,280
2021-07,NATIONAL CITY,True,37,29,36
2021-07,OCEANSIDE,False,950,762,903
2021-07,OCEANSIDE,True,71,61,71
2021-07,SAN DIEGO,False,5520,4401,5041
2021-07,SAN DIEGO,True,602,506,599
2021-07,SHERIFF,False,2881,2163,2729
2021-07,SHERIFF,True,373,321,373
2021-07,SYCUAN TRIBAL POLICE DEPARTMENT,False,20,19,20
2021-07,SYCUAN TRIBAL POLICE DEPARTMENT,True,5,5,5
2021-08,CARLSBAD,False,404,316,383
2021-08,CARLSBAD,True,35,28,35
2021-08,CHULA VISTA,False,669,495,607
2021-08,CHULA VISTA,True,158,115,158
2021-08,EL CAJON,False,412,312,377
2021-08,EL CAJON,True,94,73,94
2021-08,ESCONDIDO,False,633,501,594
2021-08,ESCONDIDO,True,101,78,100
2021-08,HARBOR POLICE,False,137,100,136
2021-08,HARBOR POLICE,True,5,5,5
2021-08,LA MESA,False,224,167,206
2021-08,LA MESA,True,42,37,42
2021-08,NATIONAL CITY,False,289,230,264
2021-08,NATIONAL CITY,True,42,33,41
2021-08,OCEANSIDE,False,800,663,766
2021-08,OCEANSIDE,True,65,56,65
2021-08,SAN DIEGO,False,5175,4102,4699
2021-08,SAN DIEGO,True,513,442,507
2021-08,SHERIFF,False,2638,2012,2497
2021-08,SHERIFF,True,350,284,349
2021-08,SYCUAN TRIBAL POLICE DEPARTMENT,False,27,22,27
2021-08,SYCUAN TRIBAL POLICE DEPARTMENT,True,8,7,8
2021-09,CARLSBAD,False,346,277,332
2021-09,CARLSBAD,True,25,23,25
2021-09,CHULA VISTA,False,706,517,623
2021-09,CHULA VISTA,True,105,78,104
2021-09,EL CAJON,False,468,363,429
2021-09,EL CAJON,True,80,58,80
2021-09,ESCONDIDO,False,665,530,628
2021-09,ESCONDIDO,True,81,63,81
2021-09,HARBOR POLICE,False,152,122,151
2021-09,HARBOR POLICE,True,7,7,7
2021-09,LA MESA,False,208,169,190
2021-09,LA MESA,True,24,21,24
2021-09,NATIONAL CITY,False,255,197,226
2021-09,NATIONAL CITY,True,25,22,25
2021-09,OCEANSIDE,False,812,660,768
2021-09,OCEANSIDE,True,96,78,95
2021-09,SAN DIEGO,False,5385,4243,4844
2021-09,SAN DIEGO,True,515,447,513
2021-09,SHERIFF,False,2747,2051,2601
2021-09,SHERIFF,True,386,297,384
2021-10,CARLSBAD,False,438,354,418
2021-10,CARLSBAD,True,38,32,38
2021-10,CHULA VISTA,False,700,544,630
2021-10,CHULA VISTA,True,147,113,147
2021-10,EL CAJON,False,447,357,410
2021-10,EL CAJON,True,77,62,77
2021-10,ESCONDIDO,False,614,482,568
2021-10,ESCONDIDO,True,65,49,62
2021-10,HARBOR POLICE,False,148,103,148
2021-10,HARBOR POLICE,True,6,6,6
2021-10,LA MESA,False,196,152,177
2021-10,LA MESA,True,29,26,29
2021-10,NATIONAL CITY,False,263,201,231
2021-10,NATIONAL CITY,True,44,31,44
2021-10,OCEANSIDE,False,791,646,735
2021-10,OCEANSIDE,True,76,65,74
2021-10,SAN DIEGO,False,5711,4413,5034
2021-10,SAN DIEGO,True,490,409,486
2021-10,SHERIFF,False,2932,2173,2746
2021-10,SHERIFF,True,391,306,391
2021-11,CARLSBAD,False,346,291,328
2021-11,CARLSBAD,True,23,22,23
2021-11,CHULA VISTA,False,680,507,603
2021-11,CHULA VISTA,True,153,112,153
2021-11,EL CAJON,False,398,310,357
2021-11,EL CAJON,True,64,58,64
2021-11,ESCONDIDO,False,601,483,551
2021-11,ESCONDIDO,True,66,58,66
2021-11,HARBOR POLICE,False,109,87,108
2021-11,HARBOR POLICE,True,8,7,8
2021-11,LA MESA,False,179,145,166
2021-11,LA MESA,True,21,20,21
2021-11,NATIONAL CITY,False,268,209,250
2021-11,NATIONAL CITY,True,27,22,26
2021-11,OCEANSIDE,False,793,665,751
2021-11,OCEANSIDE,True,69,56,68
2021-11,SAN DIEGO,False,5184,4145,4645
2021-11,SAN DIEGO,True,458,404,456
2021-11,SHERIFF,False,2710,2055,2545
2021-11,SHERIFF,True,289,247,289
2021-12,CARLSBAD,False,384,316,371
2021-12,CARLSBAD,True,30,25,30
2021-12,CHULA VISTA,False,754,543,667
2021-12,CHULA VISTA,True,94,74,93
2021-12,EL CAJON,False,455,337,419
2021-12,EL CAJON,True,70,59,70
2021-12,ESCONDIDO,False,603,471,547
2021-12,ESCONDIDO,True,77,56,77
2021-12,HARBOR POLICE,False,119,99,118
2021-12,HARBOR POLICE,True,4,3,4
2021-12,LA MESA,False,191,150,172
2021-12,LA MESA,True,37,33,37
2021-12,NATIONAL CITY,False,324,240,285
2021-12,NATIONAL CITY,True,27,24,27
2021-12,OCEANSIDE,False,716,586,673
2021-12,OCEANSIDE,True,75,66,75
2021-12,SAN DIEGO,False,5031,4009,4527
2021-12,SAN DIEGO,True,407,363,404
2021-12,SHERIFF,False,2673,2023,2471
2021-12,SHERIFF,True,341,282,339
2022-01,CARLSBAD,False,446,367,432
2022-01,CARLSBAD,True,23,19,23
2022-01,CHULA VISTA,False,816,595,721
2022-01,CHULA VISTA,True,146,106,146
2022-01,EL CAJON,False,414,317,392
2022-01,EL CAJON,True,51,40,51
2022-01,ESCONDIDO,False,674,521,611
2022-01,ESCONDIDO,True,66,54,66
2022-01,HARBOR POLICE,False,97,85,96
2022-01,HARBOR POLICE,True,7,7,7
2022-01,LA MESA,False,207,159,187
2022-01,LA MESA,True,35,31,35
2022-01,NATIONAL CITY,False,281,225,260
2022-01,NATIONAL CITY,True,36,30,36
2022-01,OCEANSIDE,False,766,637,720
2022-01,OCEANSIDE,True,60,47,59
2022-01,SAN DIEGO,False,5115,4053,4575
2022-01,SAN DIEGO,True,468,399,463
2022-01,SHERIFF,False,2926,2138,2726
2022-01,SHERIFF,True,283,229,281
2022-02,CARLSBAD,False,390,311,369
2022-02,CARLSBAD,True,31,23,30
2022-02,CHULA VISTA,False,865,614,776
2022-02,CHULA VISTA,True,104,78,103
2022-02,EL CAJON,False,380,286,354
2022-02,EL CAJON,True,62,49,60
2022-02,ESCONDIDO,False,561,436,510
2022-02,ESCONDIDO,True,66,58,66
2022-02,HARBOR POLICE,False,81,65,80
2022-02,HARBOR POLICE,True,6,5,6
2022-02,LA MESA,False,205,158,185
2022-02,LA MESA,True,22,21,22
2022-02,NATIONAL CITY,False,277,220,262
2022-02,NATIONAL CITY,True,24,17,24
2022-02,OCEANSIDE,False,721,589,681
2022-02,OCEANSIDE,True,62,52,62
2022-02,SAN DIEGO,False,4939,3915,4452
2022-02,SAN DIEGO,True,411,346,408
2022-02,SHERIFF,False,2560,1945,2396
2022-02,SHERIFF,True,296,243,295
2022-03,CARLSBAD,False,416,346,400
2022-03,CARLSBAD,True,26,22,26
2022-03,CHULA VISTA,False,780,592,705
2022-03,CHULA VISTA,True,134,95,134
2022-03,EL CAJON,False,478,363,452
2022-03,EL CAJON,True,97,70,96
2022-03,ESCONDIDO,False,636,501,597
2022-03,ESCONDIDO,True,67,56,67
2022-03,HARBOR POLICE,False,125,99,124
2022-03,HARBOR POLICE,True,11,7,11
2022-03,LA MESA,False,254,194,239
2022-03,LA MESA,True,43,37,42
2022-03,NATIONAL CITY,False,272,219,246
2022-03,NATIONAL CITY,True,32,27,32
2022-03,OCEANSIDE,False,840,681,806
2022-03,OCEANSIDE,True,61,51,61
2022-03,SAN DIEGO,False,5311,4192,4804
2022-03,SAN DIEGO,True,492,420,488
2022-03,SHERIFF,False,2946,2218,2775
2022-03,SHERIFF,True,327,254,326
2022-04,CARLSBAD,False,503,377,480
2022-04,CARLSBAD,True,18,16,18
2022-04,CHULA VISTA,False,785,583,705
2022-04,CHULA VISTA,True,123,84,123
2022-04,EL CAJON,False,432,332,407
2022-04,EL CAJON,True,72,53,71
2022-04,ESCONDIDO,False,652,506,596
2022-04,ESCONDIDO,True,66,59,66
2022-04,HARBOR POLICE,False,110,92,108
2022-04,HARBOR POLICE,True,11,9,11
2022-04,LA MESA,False,206,170,197
2022-04,LA MESA,True,40,28,38
2022-04,NATIONAL CITY,False,280,218,251
2022-04,NATIONAL CITY,True,49,31,48
2022-04,OCEANSIDE,False,774,629,729
2022-04,OCEANSIDE,True,60,50,60
2022-04,SAN DIEGO,False,4882,3855,4358
2022-04,SAN DIEGO,True,452,390,449
2022-04,SHERIFF,False,2773,2102,2618
2022-04,SHERIFF,True,289,238,288
2022-05,CARLSBAD,False,426,324,406
2022-05,CARLSBAD,True,26,25,26
2022-05,CHULA VISTA,False,729,541,661
2022-05,CHULA VISTA,True,131,105,131
2022-05,EL CAJON,False,481,356,449
2022-05,EL CAJON,True,74,56,74
2022-05,ESCONDIDO,False,628,496,570
2022-05,ESCONDIDO,True,63,54,63
2022-05,HARBOR POLICE,False,116,101,116
2022-05,HARBOR POLICE,True,6,5,6
2022-05,LA MESA,False,216,174,204
2022-05,LA MESA,True,31,27,31
2022-05,NATIONAL CITY,False,296,220,259
2022-05,NATIONAL CITY,True,23,18,23
2022-05,OCEANSIDE,False,830,685,792
2022-05,OCEANSIDE,True,62,54,62
2022-05,SAN DIEGO,False,4678,3650,4163
2022-05,SAN DIEGO,True,471,395,468
2022-05,SHERIFF,False,2943,2157,2773
2022-05,SHERIFF,True,311,262,308
2022-06,CARLSBAD,False,407,322,393
2022-06,CARLSBAD,True,34,31,34
2022-06,CHULA VISTA,False,665,506,592
2022-06,CHULA VISTA,True,159,118,159
2022-06,EL CAJON,False,481,363,449
2022-06,EL CAJON,True,89,63,89
2022-06,ESCONDIDO,False,719,577,668
2022-06,ESCONDIDO,True,75,56,74
2022-06,HARBOR POLICE,False,101,82,98
2022-06,HARBOR POLICE,True,16,11,16
2022-06,LA MESA,False,212,161,195
2022-06,LA MESA,True,35,33,35
2022-06,NATIONAL CITY,False,251,190,234
2022-06,NATIONAL CITY,True,32,27,32
2022-06,OCEANSIDE,False,831,679,793
2022-06,OCEANSIDE,True,64,54,64
2022-06,SAN DIEGO,False,4843,3863,4309
2022-06,SAN DIEGO,True,502,420,498
2022-06,SHERIFF,False,2827,2100,2643
2022-06,SHERIFF,True,323,264,320
2022-07,CARLSBAD,False,403,311,391
2022-07,CARLSBAD,True,31,25,31
2022-07,CHULA VISTA,False,746,575,677
2022-07,CHULA VISTA,True,122,88,122
2022-07,EL CAJON,False,444,341,410
2022-07,EL CAJON,True,83,69,82
2022-07,ESCONDIDO,False,640,518,608
2022-07,ESCONDIDO,True,75,59,75
2022-07,HARBOR POLICE,False,125,116,125
2022-07,HARBOR POLICE,True,3,3,3
2022-07,LA MESA,False,216,165,197
2022-07,LA MESA,True,44,39,44
2022-07,NATIONAL CITY,False,279,203,252
2022-07,NATIONAL CITY,True,29,20,29
2022-07,OCEANSIDE,False,811,659,773
2022-07,OCEANSIDE,True,53,51,53
2022-07,SAN DIEGO,False,5089,4015,4524
2022-07,SAN DIEGO,True,485,426,478
2022-07,SHERIFF,False,2849,2146,2682
2022-07,SHERIFF,True,380,318,378
2022-08,CARLSBAD,False,349,281,339
2022-08,CARLSBAD,True,26,23,25
2022-08,CHULA VISTA,False,696,551,633
2022-08,CHULA VISTA,True,126,89,126
2022-08,EL CAJON,False,383,295,352
2022-08,EL CAJON,True,52,43,52
2022-08,ESCONDIDO,False,691,544,637
2022-08,ESCONDIDO,True,79,65,79
2022-08,HARBOR POLICE,False,102,82,96
2022-08,HARBOR POLICE,True,14,12,13
2022-08,LA MESA,False,251,204,235
2022-08,LA MESA,True,55,38,54
2022-08,NATIONAL CITY,False,274,220,240
2022-08,NATIONAL CITY,True,36,27,36
2022-08,OCEANSIDE,False,863,716,818
2022-08,OCEANSIDE,True,59,46,59
2022-08,SAN DIEGO,False,4879,3871,4373
2022-08,SAN DIEGO,True,556,456,549
2022-08,SHERIFF,False,2881,2169,2733
2022-08,SHERIFF,True,377,305,377
2022-09,CARLSBAD,False,343,276,330
2022-09,CARLSBAD,True,30,25,30
2022-09,CHULA VISTA,False,721,545,645
2022-09,CHULA VISTA,True,103,77,103
2022-09,EL CAJON,False,467,357,445
2022-09,EL CAJON,True,52,45,52
2022-09,ESCONDIDO,False,617,480,560
2022-09,ESCONDIDO,True,75,65,75
2022-09,HARBOR POLICE,False,150,119,141
2022-09,HARBOR POLICE,True,7,6,7
2022-09,LA MESA,False,211,160,197
2022-09,LA MESA,True,35,29,35
2022-09,NATIONAL CITY,False,278,227,263
2022-09,NATIONAL CITY,True,39,28,39
2022-09,OCEANSIDE,False,794,648,755
2022-09,OCEANSIDE,True,77,66,75
2022-09,SAN DIEGO,False,4809,3812,4249
2022-09,SAN DIEGO,True,523,457,519
2022-09,SHERIFF,False,2640,2010,2490
2022-09,SHERIFF,True,328,279,327
2022-10,CARLSBAD,False,380,294,371
2022-10,CARLSBAD,True,34,31,34
2022-10,CHULA VISTA,False,727,526,640
2022-10,CHULA VISTA,True,122,94,122
2022-10,EL CAJON,False,422,320,388
2022-10,EL CAJON,True,61,47,61
2022-10,ESCONDIDO,False,669,527,636
2022-10,ESCONDIDO,True,80,67,80
2022-10,HARBOR POLICE,False,159,117,145
2022-10,HARBOR POLICE,True,9,6,9
2022-10,LA MESA,False,262,220,249
2022-10,LA MESA,True,43,29,43
2022-10,NATIONAL CITY,False,292,248,271
2022-10,NATIONAL CITY,True,24,19,24
2022-10,OCEANSIDE,False,688,560,656
2022-10,OCEANSIDE,True,79,71,79
2022-10,SAN DIEGO,False,5325,4241,4699
2022-10,SAN DIEGO,True,531,457,526
2022-10,SHERIFF,False,2827,2137,2678
2022-10,SHERIFF,True,286,239,286
2022-11,CARLSBAD,False,437,341,423
2022-11,CARLSBAD,True,46,32,46
2022-11,CHULA VISTA,False,799,561,677
2022-11,CHULA VISTA,True,110,80,109
2022-11,EL CAJON,False,429,314,398
2022-11,EL CAJON,True,57,49,57
2022-11,ESCONDIDO,False,543,431,504
2022-11,ESCONDIDO,True,74,60,74
2022-11,HARBOR POLICE,False,149,111,139
2022-11,HARBOR POLICE,True,8,7,7
2022-11,LA MESA,False,283,213,257
2022-11,LA MESA,True,45,37,45
2022-11,NATIONAL CITY,False,247,195,230
2022-11,NATIONAL CITY,True,22,16,22
2022-11,OCEANSIDE,False,652,522,616
2022-11,OCEANSIDE,True,65,60,65
2022-11,SAN DIEGO,False,4814,3893,4303
2022-11,SAN DIEGO,True,399,357,398
2022-11,SHERIFF,False,2587,1964,2425
2022-11,SHERIFF,True,302,242,301
2022-12,CARLSBAD,False,406,327,389
2022-12,CARLSBAD,True,33,28,32
2022-12,CHULA VISTA,False,768,571,668
2022-12,CHULA VISTA,True,82,62,82
2022-12,EL CAJON,False,372,280,343
2022-12,EL CAJON,True,64,57,64
2022-12,ESCONDIDO,False,556,431,514
2022-12,ESCONDIDO,True,74,65,74
2022-12,HARBOR POLICE,False,126,102,118
2022-12,HARBOR POLICE,True,2,2,2
2022-12,LA MESA,False,291,222,276
2022-12,LA MESA,True,30,23,30
2022-12,NATIONAL CITY,False,304,246,276
2022-12,NATIONAL CITY,True,25,22,25
2022-12,OCEANSIDE,False,732,588,688
2022-12,OCEANSIDE,True,61,49,61
2022-12,SAN DIEGO,False,5037,4035,4493
2022-12,SAN DIEGO,True,440,380,440
2022-12,SHERIFF,False,2607,1953,2459
2022-12,SHERIFF,True,285,223,284
2023-01,CARLSBAD,False,368,288,352
2023-01,CARLSBAD,True,24,21,24
2023-01,CHULA VISTA,False,787,568,685
2023-01,CHULA VISTA,True,135,93,134
2023-01,EL CAJON,False,368,275,347
2023-01,EL CAJON,True,62,48,62
2023-01,ESCONDIDO,False,558,431,523
2023-01,ESCONDIDO,True,66,59,66
2023-01,HARBOR POLICE,False,134,105,121
2023-01,HARBOR POLICE,True,3,3,3
2023-01,LA MESA,False,262,194,248
2023-01,LA MESA,True,38,33,38
2023-01,NATIONAL CITY,False,261,209,234
2023-01,NATIONAL CITY,True,41,33,41
2023-01,OCEANSIDE,False,680,555,658
2023-01,OCEANSIDE,True,45,40,45
2023-01,SAN DIEGO,False,4964,3982,4410
2023-01,SAN DIEGO,True,484,406,478
2023-01,SHERIFF,False,2635,1986,2462
2023-01,SHERIFF,True,274,233,274
2023-02,CARLSBAD,False,372,290,357
2023-02,CARLSBAD,True,26,25,26
2023-02,CHULA VISTA,False,777,579,680
2023-02,CHULA VISTA,True,112,90,111
2023-02,EL CAJON,False,347,265,326
2023-02,EL CAJON,True,64,59,64
2023-02,ESCONDIDO,False,440,358,415
2023-02,ESCONDIDO,True,52,45,52
2023-02,HARBOR POLICE,False,81,66,78
2023-02,HARBOR POLICE,True,8,6,8
2023-02,LA MESA,False,223,167,206
2023-02,LA MESA,True,32,28,32
2023-02,NATIONAL CITY,False,277,208,240
2023-02,NATIONAL CITY,True,20,15,19
2023-02,OCEANSIDE,False,628,527,602
2023-02,OCEANSIDE,True,61,44,61
2023-02,SAN DIEGO,False,4404,3484,3920
2023-02,SAN DIEGO,True,454,396,450
2023-02,SHERIFF,False,2236,1705,2111
2023-02,SHERIFF,True,251,203,250
2023-03,CARLSBAD,False,361,287,352
2023-03,CARLSBAD,True,20,18,20
2023-03,CHULA VISTA,False,740,560,643
2023-03,CHULA VISTA,True,96,78,95
2023-03,EL CAJON,False,432,322,403
2023-03,EL CAJON,True,78,60,78
2023-03,ESCONDIDO,False,518,407,487
2023-03,ESCONDIDO,True,72,64,72
2023-03,HARBOR POLICE,False,119,92,109
2023-03,HARBOR POLICE,True,4,4,4
2023-03,LA MESA,False,238,180,225
2023-03,LA MESA,True,39,32,39
2023-03,NATIONAL CITY,False,306,239,273
2023-03,NATIONAL CITY,True,37,26,36
2023-03,OCEANSIDE,False,709,574,678
2023-03,OCEANSIDE,True,76,63,76
2023-03,SAN DIEGO,False,4983,3978,4482
2023-03,SAN DIEGO,True,404,342,401
2023-03,SHERIFF,False,2441,1833,2306
2023-03,SHERIFF,True,296,250,294
2023-04,CARLSBAD,False,373,304,360
2023-04,CARLSBAD,True,16,14,16
2023-04,CHULA VISTA,False,781,599,685
2023-04,CHULA VISTA,True,97,76,97
2023-04,EL CAJON,False,395,290,371
2023-04,EL CAJON,True,63,53,63
2023-04,ESCONDIDO,False,543,448,512
2023-04,ESCONDIDO,True,78,63,78
2023-04,HARBOR POLICE,False,124,108,122
2023-04,HARBOR POLICE,True,3,3,3
2023-04,LA MESA,False,259,187,248
2023-04,LA MESA,True,40,36,40
2023-04,NATIONAL CITY,False,359,260,321
2023-04,NATIONAL CITY,True,28,22,28
2023-04,OCEANSIDE,False,680,562,649
2023-04,OCEANSIDE,True,57,53,57
2023-04,SAN DIEGO,False,4769,3766,4260
2023-04,SAN DIEGO,True,502,409,501
2023-04,SHERIFF,False,2471,1857,2330
2023-04,SHERIFF,True,326,257,323
2023-05,CARLSBAD,False,395,306,381
2023-05,CARLSBAD,True,29,25,29
2023-05,CHULA VISTA,False,867,644,763
2023-05,CHULA VISTA,True,121,83,121
2023-05,EL CAJON,False,376,297,355
2023-05,EL CAJON,True,72,60,71
2023-05,ESCONDIDO,False,520,415,487
2023-05,ESCONDIDO,True,86,69,85
2023-05,HARBOR POLICE,False,127,105,123
2023-05,HARBOR POLICE,True,6,4,6
2023-05,LA MESA,False,236,171,218
2023-05,LA MESA,True,37,30,37
2023-05,NATIONAL CITY,False,286,216,258
2023-05,NATIONAL CITY,True,37,26,37
2023-05,OCEANSIDE,False,693,578,662
2023-05,OCEANSIDE,True,54,48,54
2023-05,SAN DIEGO,False,4951,3929,4426
2023-05,SAN DIEGO,True,494,420,493
2023-05,SHERIFF,False,2651,1939,2473
2023-05,SHERIFF,True,342,291,340
2023-06,CARLSBAD,False,388,301,372
2023-06,CARLSBAD,True,27,23,27
2023-06,CHULA VISTA,False,774,564,674
2023-06,CHULA VISTA,True,110,92,110
2023-06,EL CAJON,False,398,316,371
2023-06,EL CAJON,True,37,32,37
2023-06,ESCONDIDO,False,510,426,492
2023-06,ESCONDIDO,True,65,54,65
2023-06,HARBOR POLICE,False,121,96,117
2023-06,HARBOR POLICE,True,8,6,8
2023-06,LA MESA,False,201,153,187
2023-06,LA MESA,True,50,38,50
2023-06,NATIONAL CITY,False,261,196,232
2023-06,NATIONAL CITY,True,34,25,34
2023-06,OCEANSIDE,False,658,531,623
2023-06,OCEANSIDE,True,60,48,60
2023-06,SAN DIEGO,False,4678,3669,4132
2023-06,SAN DIEGO,True,440,375,438
2023-06,SHERIFF,False,2660,1985,2494
2023-06,SHERIFF,True,307,242,307
2023-07,CARLSBAD,False,392,302,381
2023-07,CARLSBAD,True,29,23,29
2023-07,CHULA VISTA,False,738,561,654
2023-07,CHULA VISTA,True,145,108,145
2023-07,EL CAJON,False,429,336,402
2023-07,EL CAJON,True,50,43,49
2023-07,ESCONDIDO,False,538,446,505
2023-07,ESCONDIDO,True,95,74,95
2023-07,HARBOR POLICE,False,156,122,148
2023-07,HARBOR POLICE,True,8,7,8
2023-07,LA MESA,False,224,163,205
2023-07,LA MESA,True,19,15,19
2023-07,NATIONAL CITY,False,282,204,240
2023-07,NATIONAL CITY,True,45,30,44
2023-07,OCEANSIDE,False,762,615,714
2023-07,OCEANSIDE,True,74,65,74
2023-07,SAN DIEGO,False,5245,4115,4628
2023-07,SAN DIEGO,True,507,434,506
2023-07,SHERIFF,False,2616,1939,2467
2023-07,SHERIFF,True,333,276,332
2023-08,CARLSBAD,False,453,340,440
2023-08,CARLSBAD,True,28,21,27
2023-08,CHULA VISTA,False,717,552,627
2023-08,CHULA VISTA,True,114,84,114
2023-08,EL CAJON,False,460,340,428
2023-08,EL CAJON,True,80,56,80
2023-08,ESCONDIDO,False,563,444,528
2023-08,ESCONDIDO,True,77,69,77
2023-08,HARBOR POLICE,False,146,111,139
2023-08,HARBOR POLICE,True,5,5,5
2023-08,LA MESA,False,228,163,208
2023-08,LA MESA,True,33,26,33
2023-08,NATIONAL CITY,False,230,179,210
2023-08,NATIONAL CITY,True,33,27,33
2023-08,OCEANSIDE,False,735,596,698
2023-08,OCEANSIDE,True,63,52,62
2023-08,SAN DIEGO,False,5335,4051,4560
2023-08,SAN DIEGO,True,473,407,471
2023-08,SHERIFF,False,2560,1943,2400
2023-08,SHERIFF,True,330,270,330
2023-09,CARLSBAD,False,361,280,351
2023-09,CARLSBAD,True,29,20,28
2023-09,CHULA VISTA,False,744,563,643
2023-09,CHULA VISTA,True,113,81,113
2023-09,EL CAJON,False,421,313,395
2023-09,EL CAJON,True,56,45,56
2023-09,ESCONDIDO,False,528,432,503
2023-09,ESCONDIDO,True,75,62,75
2023-09,HARBOR POLICE,False,131,102,125
2023-09,HARBOR POLICE,True,9,7,9
2023-09,LA MESA,False,216,150,192
2023-09,LA MESA,True,28,25,28
2023-09,NATIONAL CITY,False,211,155,191
2023-09,NATIONAL CITY,True,35,32,35
2023-09,OCEANSIDE,False,643,542,618
2023-09,OCEANSIDE,True,53,50,53
2023-09,SAN DIEGO,False,4950,3798,4248
2023-09,SAN DIEGO,True,513,432,510
2023-09,SHERIFF,False,2587,1929,2460
2023-09,SHERIFF,True,316,258,316
2023-10,CARLSBAD,False,395,330,387
2023-10,CARLSBAD,True,28,25,28
2023-10,CHULA VISTA,False,760,558,655
2023-10,CHULA VISTA,True,139,99,139
2023-10,EL CAJON,False,393,295,363
2023-10,EL CAJON,True,82,65,82
2023-10,ESCONDIDO,False,523,425,497
2023-10,ESCONDIDO,True,65,57,65
2023-10,HARBOR POLICE,False,135,115,131
2023-10,HARBOR POLICE,True,10,7,10
2023-10,LA MESA,False,175,135,161
2023-10,LA MESA,True,28,21,28
2023-10,NATIONAL CITY,False,224,171,196
2023-10,NATIONAL CITY,True,24,19,24
2023-10,OCEANSIDE,False,803,654,773
2023-10,OCEANSIDE,True,54,51,54
2023-10,SAN DIEGO,False,4714,3790,4249
2023-10,SAN DIEGO,True,457,389,457
2023-10,SHERIFF,False,2523,1879,2381
2023-10,SHERIFF,True,285,241,284
2023-11,CARLSBAD,False,384,303,373
2023-11,CARLSBAD,True,25,22,24
2023-11,CHULA VISTA,False,691,534,612
2023-11,CHULA VISTA,True,113,77,112
2023-11,EL CAJON,False,383,302,362
2023-11,EL CAJON,True,62,46,62
2023-11,ESCONDIDO,False,552,443,516
2023-11,ESCONDIDO,True,62,55,62
2023-11,HARBOR POLICE,False,148,111,142
2023-11,HARBOR POLICE,True,4,3,4
2023-11,LA MESA,False,200,142,187
2023-11,LA MESA,True,44,31,44
2023-11,NATIONAL CITY,False,264,201,235
2023-11,NATIONAL CITY,True,20,16,19
2023-11,OCEANSIDE,False,710,565,663
2023-11,OCEANSIDE,True,47,42,47
2023-11,SAN DIEGO,False,4633,3735,4172
2023-11,SAN DIEGO,True,454,384,448
2023-11,SHERIFF,False,2257,1715,2143
2023-11,SHERIFF,True,251,214,251
2023-12,CARLSBAD,False,414,332,404
2023-12,CARLSBAD,True,21,20,21
2023-12,CHULA VISTA,False,678,509,590
2023-12,CHULA VISTA,True,137,96,136
2023-12,EL CAJON,False,351,282,334
2023-12,EL CAJON,True,83,63,83
2023-12,ESCONDIDO,False,526,427,498
2023-12,ESCONDIDO,True,69,58,69
2023-12,HARBOR POLICE,False,147,106,135
2023-12,HARBOR POLICE,True,8,7,8
2023-12,LA MESA,False,257,180,239
2023-12,LA MESA,True,22,20,22
2023-12,NATIONAL CITY,False,213,169,190
2023-12,NATIONAL CITY,True,23,20,23
2023-12,OCEANSIDE,False,627,508,603
2023-12,OCEANSIDE,True,53,51,53
2023-12,SAN DIEGO,False,4647,3777,4221
2023-12,SAN DIEGO,True,457,400,454
2023-12,SHERIFF,False,2266,1687,2166
2023-12,SHERIFF,True,253,218,253
2024-01,CARLSBAD,False,386,324,376
2024-01,CARLSBAD,True,15,13,15
2024-01,CHULA VISTA,False,709,547,626
2024-01,CHULA VISTA,True,113,77,112
2024-01,EL CAJON,False,397,311,378
2024-01,EL CAJON,True,52,38,52
2024-01,ESCONDIDO,False,512,400,490
2024-01,ESCONDIDO,True,59,47,59
2024-01,HARBOR POLICE,False,128,99,121
2024-01,HARBOR POLICE,True,6,6,6
2024-01,LA MESA,False,220,160,206
2024-01,LA MESA,True,29,28,29
2024-01,NATIONAL CITY,False,291,217,263
2024-01,NATIONAL CITY,True,16,14,16
2024-01,OCEANSIDE,False,620,528,599
2024-01,OCEANSIDE,True,53,44,52
2024-01,SAN DIEGO,False,4758,3857,4334
2024-01,SAN DIEGO,True,438,376,434
2024-01,SHERIFF,False,2403,1787,2286
2024-01,SHERIFF,True,260,209,260
2024-02,CARLSBAD,False,361,287,349
2024-02,CARLSBAD,True,38,30,38
2024-02,CHULA VISTA,False,684,537,611
2024-02,CHULA VISTA,True,105,77,105
2024-02,EL CAJON,False,474,347,443
2024-02,EL CAJON,True,44,41,44
2024-02,ESCONDIDO,False,489,372,459
2024-02,ESCONDIDO,True,83,63,83
2024-02,HARBOR POLICE,False,102,79,101
2024-02,HARBOR POLICE,True,8,6,8
2024-02,LA MESA,False,229,174,221
2024-02,LA MESA,True,25,22,25
2024-02,NATIONAL CITY,False,211,159,181
2024-02,NATIONAL CITY,True,46,31,46
2024-02,OCEANSIDE,False,576,477,553
2024-02,OCEANSIDE,True,52,45,51
2024-02,SAN DIEGO,False,4445,3581,3978
2024-02,SAN DIEGO,True,415,353,413
2024-02,SHERIFF,False,2141,1621,2027
2024-02,SHERIFF,True,240,195,239
2024-03,CARLSBAD,False,324,244,314
2024-03,CARLSBAD,True,29,25,29
2024-03,CHULA VISTA,False,743,570,645
2024-03,CHULA VISTA,True,111,86,111
2024-03,EL CAJON,False,504,387,483
2024-03,EL CAJON,True,55,39,54
2024-03,ESCONDIDO,False,472,368,459
2024-03,ESCONDIDO,True,71,56,71
2024-03,HARBOR POLICE,False,124,100,121
2024-03,HARBOR POLICE,True,5,5,5
2024-03,LA MESA,False,252,181,228
2024-03,LA MESA,True,30,26,29
2024-03,NATIONAL CITY,False,301,217,260
2024-03,NATIONAL CITY,True,22,18,22
2024-03,OCEANSIDE,False,607,515,582
2024-03,OCEANSIDE,True,56,48,56
2024-03,SAN DIEGO,False,4722,3807,4279
2024-03,SAN DIEGO,True,410,360,408
2024-03,SHERIFF,False,2365,1765,2252
2024-03,SHERIFF,True,263,229,261
2024-04,CARLSBAD,False,346,284,338
2024-04,CARLSBAD,True,17,16,17
2024-04,CHULA VISTA,False,742,558,646
2024-04,CHULA VISTA,True,114,82,114
2024-04,EL CAJON,False,419,319,401
2024-04,EL CAJON,True,69,58,69
2024-04,ESCONDIDO,False,541,426,520
2024-04,ESCONDIDO,True,68,60,67
2024-04,HARBOR POLICE,False,119,93,112
2024-04,HARBOR POLICE,True,9,6,9
2024-04,LA MESA,False,215,161,199
2024-04,LA MESA,True,34,26,34
2024-04,NATIONAL CITY,False,274,207,236
2024-04,NATIONAL CITY,True,28,21,28
2024-04,OCEANSIDE,False,594,495,562
2024-04,OCEANSIDE,True,48,38,47
2024-04,SAN DIEGO,False,4746,3770,4308
2024-04,SAN DIEGO,True,416,367,415
2024-04,SHERIFF,False,2398,1799,2284
2024-04,SHERIFF,True,268,226,268
2024-05,CARLSBAD,False,368,290,357
2024-05,CARLSBAD,True,31,23,31
2024-05,CHULA VISTA,False,709,565,648
2024-05,CHULA VISTA,True,115,89,114
2024-05,EL CAJON,False,483,357,460
2024-05,EL CAJON,True,42,32,42
2024-05,ESCONDIDO,False,560,424,524
2024-05,ESCONDIDO,True,57,48,57
2024-05,HARBOR POLICE,False,128,98,122
2024-05,HARBOR POLICE,True,11,7,11
2024-05,LA MESA,False,202,152,192
2024-05,LA MESA,True,40,36,40
2024-05,NATIONAL CITY,False,245,175,220
2024-05,NATIONAL CITY,True,29,22,29
2024-05,OCEANSIDE,False,724,612,696
2024-05,OCEANSIDE,True,68,66,68
2024-05,SAN DIEGO,False,5046,4014,4505
2024-05,SAN DIEGO,True,481,417,480
2024-05,SHERIFF,False,2606,1974,2488
2024-05,SHERIFF,True,298,248,296
2024-06,CARLSBAD,False,369,298,351
2024-06,CARLSBAD,True,35,28,35
2024-06,CHULA VISTA,False,726,541,651
2024-06,CHULA VISTA,True,108,83,107
2024-06,EL CAJON,False,539,394,521
2024-06,EL CAJON,True,66,50,65
2024-06,ESCONDIDO,False,551,408,514
2024-06,ESCONDIDO,True,53,42,53
2024-06,HARBOR POLICE,False,114,93,110
2024-06,HARBOR POLICE,True,8,7,8
2024-06,LA MESA,False,202,142,187
2024-06,LA MESA,True,49,34,49
2024-06,NATIONAL CITY,False,237,185,210
2024-06,NATIONAL CITY,True,27,21,27
2024-06,OCEANSIDE,False,713,589,685
2024-06,OCEANSIDE,True,55,50,55
2024-06,SAN DIEGO,False,4646,3656,4146
2024-06,SAN DIEGO,True,492,429,489
2024-06,SHERIFF,False,2432,1796,2271
2024-06,SHERIFF,True,232,209,232
2024-07,CARLSBAD,False,296,235,292
2024-07,CARLSBAD,True,29,25,29
2024-07,CHULA VISTA,False,746,555,658
2024-07,CHULA VISTA,True,129,100,129
2024-07,EL CAJON,False,485,373,463
2024-07,EL CAJON,True,82,61,82
2024-07,ESCONDIDO,False,564,455,547
2024-07,ESCONDIDO,True,73,68,73
2024-07,HARBOR POLICE,False,148,117,144
2024-07,HARBOR POLICE,True,10,7,10
2024-07,LA MESA,False,229,172,214
2024-07,LA MESA,True,23,17,23
2024-07,NATIONAL CITY,False,284,209,242
2024-07,NATIONAL CITY,True,35,27,34
2024-07,OCEANSIDE,False,794,638,747
2024-07,OCEANSIDE,True,73,63,73
2024-07,SAN DIEGO,False,4912,3898,4422
2024-07,SAN DIEGO,True,516,439,513
2024-07,SHERIFF,False,2409,1800,2281
2024-07,SHERIFF,True,307,253,306
2024-08,CARLSBAD,False,344,275,331
2024-08,CARLSBAD,True,29,25,29
2024-08,CHULA VISTA,False,793,589,702
2024-08,CHULA VISTA,True,133,105,133
2024-08,EL CAJON,False,470,358,446
2024-08,EL CAJON,True,70,55,70
2024-08,ESCONDIDO,False,607,490,581
2024-08,ESCONDIDO,True,64,55,64
2024-08,HARBOR POLICE,False,147,114,142
2024-08,HARBOR POLICE,True,13,10,13
2024-08,LA MESA,False,220,152,211
2024-08,LA MESA,True,34,29,34
2024-08,NATIONAL CITY,False,251,187,224
2024-08,NATIONAL CITY,True,43,28,43
2024-08,OCEANSIDE,False,656,543,632
2024-08,OCEANSIDE,True,85,69,83
2024-08,SAN DIEGO,False,4484,3530,4019
2024-08,SAN DIEGO,True,543,469,537
2024-08,SHERIFF,False,2518,1864,2368
2024-08,SHERIFF,True,309,257,309
2024-09,CARLSBAD,False,319,248,311
2024-09,CARLSBAD,True,23,16,23
2024-09,CHULA VISTA,False,685,503,629
2024-09,CHULA VISTA,True,139,110,139
2024-09,EL CAJON,False,404,301,378
2024-09,EL CAJON,True,50,42,50
2024-09,ESCONDIDO,False,545,397,519
2024-09,ESCONDIDO,True,67,54,67
2024-09,HARBOR POLICE,False,121,95,116
2024-09,HARBOR POLICE,True,9,6,8
2024-09,LA MESA,False,166,128,152
2024-09,LA MESA,True,53,43,53
2024-09,NATIONAL CITY,False,247,177,218
2024-09,NATIONAL CITY,True,23,17,23
2024-09,OCEANSIDE,False,635,512,602
2024-09,OCEANSIDE,True,59,49,59
2024-09,SAN DIEGO,False,4030,3139,3632
2024-09,SAN DIEGO,True,514,440,512
2024-09,SHERIFF,False,2227,1622,2098
2024-09,SHERIFF,True,286,233,286
2024-10,CARLSBAD,False,382,294,371
2024-10,CARLSBAD,True,28,24,28
2024-10,CHULA VISTA,False,710,539,639
2024-10,CHULA VISTA,True,101,81,101
2024-10,EL CAJON,False,387,289,369
2024-10,EL CAJON,True,30,25,30
2024-10,ESCONDIDO,False,486,383,466
2024-10,ESCONDIDO,True,55,48,55
2024-10,HARBOR POLICE,False,119,95,115
2024-10,HARBOR POLICE,True,7,5,7
2024-10,LA MESA,False,185,132,174
2024-10,LA MESA,True,46,39,45
2024-10,NATIONAL CITY,False,217,163,191
2024-10,NATIONAL CITY,True,23,19,23
2024-10,OCEANSIDE,False,609,500,579
2024-10,OCEANSIDE,True,67,57,67
2024-10,SAN DIEGO,False,4431,3499,4016
2024-10,SAN DIEGO,True,484,400,481
2024-10,SHERIFF,False,2068,1517,1938
2024-10,SHERIFF,True,257,214,255
2024-11,CARLSBAD,False,333,256,326
2024-11,CARLSBAD,True,39,33,39
2024-11,CHULA VISTA,False,643,490,585
2024-11,CHULA VISTA,True,126,93,126
2024-11,EL CAJON,False,393,301,368
2024-11,EL CAJON,True,58,48,57
2024-11,ESCONDIDO,False,466,370,446
2024-11,ESCONDIDO,True,67,56,66
2024-11,HARBOR POLICE,False,120,86,117
2024-11,HARBOR POLICE,True,5,5,5
2024-11,LA MESA,False,214,153,201
2024-11,LA MESA,True,33,22,33
2024-11,NATIONAL CITY,False,227,177,209
2024-11,NATIONAL CITY,True,46,28,45
2024-11,OCEANSIDE,False,619,530,598
2024-11,OCEANSIDE,True,57,54,57
2024-11,SAN DIEGO,False,4558,3622,4187
2024-11,SAN DIEGO,True,462,396,460
2024-11,SHERIFF,False,1259,989,1186
2024-11,SHERIFF,True,148,120,148
2024-12,CARLSBAD,False,300,242,295
2024-12,CARLSBAD,True,29,23,29
2024-12,CHULA VISTA,False,643,493,592
2024-12,CHULA VISTA,True,96,76,96
2024-12,EL CAJON,False,415,314,399
2024-12,EL CAJON,True,54,42,53
2024-12,ESCONDIDO,False,522,420,495
2024-12,ESCONDIDO,True,64,53,64
2024-12,HARBOR POLICE,False,128,92,124
2024-12,HARBOR POLICE,True,3,2,3
2024-12,LA MESA,False,204,152,199
2024-12,LA MESA,True,38,33,38
2024-12,NATIONAL CITY,False,241,178,214
2024-12,NATIONAL CITY,True,28,17,28
2024-12,OCEANSIDE,False,590,507,570
2024-12,OCEANSIDE,True,43,38,43
2024-12,SAN DIEGO,False,4899,3929,4553
2024-12,SAN DIEGO,True,428,362,426
2024-12,SHERIFF,False,640,529,569
2024-12,SHERIFF,True,1,1,1
2025-01,CARLSBAD,False,317,247,310
2025-01,CARLSBAD,True,39,34,39
2025-01,CHULA VISTA,False,658,510,605
2025-01,CHULA VISTA,True,115,91,115
2025-01,EL CAJON,False,454,314,433
2025-01,EL CAJON,True,43,34,43
2025-01,ESCONDIDO,False,543,433,512
2025-01,ESCONDIDO,True,58,50,58
2025-01,HARBOR POLICE,False,136,99,131
2025-01,HARBOR POLICE,True,8,5,8
2025-01,LA MESA,False,195,147,180
2025-01,LA MESA,True,29,23,28
2025-01,NATIONAL CITY,False,255,186,228
2025-01,NATIONAL CITY,True,21,17,21
2025-01,OCEANSIDE,False,611,530,594
2025-01,OCEANSIDE,True,56,51,56
2025-01,SAN DIEGO,False,4499,3666,4203
2025-01,SAN DIEGO,True,469,389,461
2025-01,SHERIFF,False,686,563,621
2025-01,SHERIFF,True,2,2,2
2025-02,CARLSBAD,False,294,231,287
2025-02,CARLSBAD,True,20,18,20
2025-02,CHULA VISTA,False,640,501,596
2025-02,CHULA VISTA,True,105,79,105
2025-02,EL CAJON,False,404,299,382
2025-02,EL CAJON,True,59,47,59
2025-02,ESCONDIDO,False,515,413,492
2025-02,ESCONDIDO,True,49,41,49
2025-02,HARBOR POLICE,False,106,78,103
2025-02,HARBOR POLICE,True,13,9,12
2025-02,LA MESA,False,189,143,181
2025-02,LA MESA,True,25,24,25
2025-02,NATIONAL CITY,False,194,152,177
2025-02,NATIONAL CITY,True,19,10,19
2025-02,OCEANSIDE,False,589,489,566
2025-02,OCEANSIDE,True,55,43,55
2025-02,SAN DIEGO,False,3919,3159,3614
2025-02,SAN DIEGO,True,442,384,441
2025-02,SHERIFF,False,669,554,597
2025-02,SHERIFF,True,4,3,4
2025-03,CARLSBAD,False,301,238,296
2025-03,CARLSBAD,True,45,36,45
2025-03,CHULA VISTA,False,705,524,638
2025-03,CHULA VISTA,True,126,96,125
2025-03,EL CAJON,False,455,343,436
2025-03,EL CAJON,True,74,54,74
2025-03,ESCONDIDO,False,584,457,554
2025-03,ESCONDIDO,True,40,36,40
2025-03,HARBOR POLICE,False,101,72,97
2025-03,HARBOR POLICE,True,5,5,5
2025-03,LA MESA,False,201,153,192
2025-03,LA MESA,True,34,29,34
2025-03,NATIONAL CITY,False,219,160,199
2025-03,NATIONAL CITY,True,28,20,28
2025-03,OCEANSIDE,False,618,530,601
2025-03,OCEANSIDE,True,59,53,59
2025-03,SAN DIEGO,False,4379,3512,4038
2025-03,SAN DIEGO,True,453,390,451
2025-03,SHERIFF,False,658,536,596
2025-03,SHERIFF,True,5,5,5
2025-04,CARLSBAD,False,317,244,305
2025-04,CARLSBAD,True,36,28,36
2025-04,CHULA VISTA,False,710,532,664
2025-04,CHULA VISTA,True,121,88,121
2025-04,EL CAJON,False,372,283,363
2025-04,EL CAJON,True,56,42,56
2025-04,ESCONDIDO,False,495,398,477
2025-04,ESCONDIDO,True,57,46,57
2025-04,HARBOR POLICE,False,93,77,91
2025-04,HARBOR POLICE,True,5,4,5
2025-04,LA MESA,False,220,155,212
2025-04,LA MESA,True,40,30,40
2025-04,NATIONAL CITY,False,204,166,188
2025-04,NATIONAL CITY,True,33,23,33
2025-04,OCEANSIDE,False,527,465,517
2025-04,OCEANSIDE,True,66,57,66
2025-04,SAN DIEGO,False,4182,3362,3833
2025-04,SAN DIEGO,True,440,367,438
2025-04,SHERIFF,False,553,458,492
2025-04,SHERIFF,True,8,7,8
2025-05,CARLSBAD,False,309,253,306
2025-05,CARLSBAD,True,33,29,33
2025-05,CHULA VISTA,False,691,536,634
2025-05,CHULA VISTA,True,106,89,106
2025-05,EL CAJON,False,412,322,393
2025-05,EL CAJON,True,69,50,68
2025-05,ESCONDIDO,False,563,449,547
2025-05,ESCONDIDO,True,59,51,59
2025-05,HARBOR POLICE,False,133,102,127
2025-05,HARBOR POLICE,True,3,2,3
2025-05,LA MESA,False,204,149,197
2025-05,LA MESA,True,30,25,30
2025-05,NATIONAL CITY,False,229,176,208
2025-05,NATIONAL CITY,True,33,26,33
2025-05,OCEANSIDE,False,616,529,601
2025-05,OCEANSIDE,True,66,57,66
2025-05,SAN DIEGO,False,4525,3646,4160
2025-05,SAN DIEGO,True,485,415,483
2025-05,SHERIFF,False,575,502,530
2025-05,SHERIFF,True,8,7,8
2025-06,CARLSBAD,False,280,210,275
2025-06,CARLSBAD,True,35,30,35
2025-06,CHULA VISTA,False,682,524,616
2025-06,CHULA VISTA,True,91,76,91
2025-06,EL CAJON,False,412,299,394
2025-06,EL CAJON,True,55,40,55
2025-06,ESCONDIDO,False,525,430,509
2025-06,ESCONDIDO,True,62,54,62
2025-06,HARBOR POLICE,False,95,73,91
2025-06,HARBOR POLICE,True,2,2,2
2025-06,LA MESA,False,228,175,220
2025-06,LA MESA,True,28,24,28
2025-06,NATIONAL CITY,False,237,184,214
2025-06,NATIONAL CITY,True,24,17,24
2025-06,OCEANSIDE,False,579,495,561
2025-06,OCEANSIDE,True,62,58,62
2025-06,SAN DIEGO,False,4184,3408,3882
2025-06,SAN DIEGO,True,484,413,482
2025-06,SHERIFF,False,1319,1057,1242
2025-06,SHERIFF,True,141,124,140
2025-07,CARLSBAD,False,283,219,279
2025-07,CARLSBAD,True,34,28,34
2025-07,CHULA VISTA,False,668,532,623
2025-07,CHULA VISTA,True,116,94,115
2025-07,EL CAJON,False,399,298,389
2025-07,EL CAJON,True,66,53,66
2025-07,ESCONDIDO,False,574,436,552
2025-07,ESCONDIDO,True,57,44,57
2025-07,HARBOR POLICE,False,139,108,136
2025-07,HARBOR POLICE,True,14,11,14
2025-07,LA MESA,False,276,201,262
2025-07,LA MESA,True,45,35,45
2025-07,NATIONAL CITY,False,240,177,222
2025-07,NATIONAL CITY,True,34,22,33
2025-07,OCEANSIDE,False,656,569,634
2025-07,OCEANSIDE,True,74,62,74
2025-07,SAN DIEGO,False,4646,3716,4231
2025-07,SAN DIEGO,True,523,451,521
2025-07,SHERIFF,False,2105,1628,2010
2025-07,SHERIFF,True,307,249,306
2025-08,CARLSBAD,False,298,221,289
2025-08,CARLSBAD,True,35,27,35
2025-08,CHULA VISTA,False,654,506,607
2025-08,CHULA VISTA,True,147,115,147
2025-08,EL CAJON,False,376,294,357
2025-08,EL CAJON,True,57,48,57
2025-08,ESCONDIDO,False,560,458,544
2025-08,ESCONDIDO,True,85,67,84
2025-08,HARBOR POLICE,False,149,115,142
2025-08,HARBOR POLICE,True,6,6,6
2025-08,LA MESA,False,232,168,223
2025-08,LA MESA,True,39,30,39
2025-08,NATIONAL CITY,False,250,188,226
2025-08,NATIONAL CITY,True,32,25,32
2025-08,OCEANSIDE,False,664,577,633
2025-08,OCEANSIDE,True,65,62,65
2025-08,SAN DIEGO,False,4650,3720,4250
2025-08,SAN DIEGO,True,456,412,453
2025-08,SHERIFF,False,2111,1650,2019
2025-08,SHERIFF,True,322,265,322
2025-09,CARLSBAD,False,315,243,307
2025-09,CARLSBAD,True,27,25,27
2025-09,CHULA VISTA,False,613,500,576
2025-09,CHULA VISTA,True,135,100,134
2025-09,EL CAJON,False,369,288,353
2025-09,EL CAJON,True,55,43,55
2025-09,ESCONDIDO,False,492,397,475
2025-09,ESCONDIDO,True,58,46,58
2025-09,HARBOR POLICE,False,92,79,91
2025-09,HARBOR POLICE,True,3,3,3
2025-09,LA MESA,False,241,184,235
2025-09,LA MESA,True,42,30,42
2025-09,NATIONAL CITY,False,226,173,211
2025-09,NATIONAL CITY,True,24,23,24
2025-09,OCEANSIDE,False,685,564,670
2025-09,OCEANSIDE,True,76,64,76
2025-09,SAN DIEGO,False,4419,3528,4037
2025-09,SAN DIEGO,True,499,434,495
2025-09,SHERIFF,False,2009,1575,1952
2025-09,SHERIFF,True,301,255,301
2025-10,CARLSBAD,False,234,200,231
2025-10,CARLSBAD,True,27,25,27
2025-10,CHULA VISTA,False,650,501,607
2025-10,CHULA VISTA,True,154,115,154
2025-10,EL CAJON,False,331,268,317
2025-10,EL CAJON,True,64,44,64
2025-10,ESCONDIDO,False,585,473,570
2025-10,ESCONDIDO,True,59,53,59
2025-10,HARBOR POLICE,False,99,80,96
2025-10,HARBOR POLICE,True,4,4,4
2025-10,LA MESA,False,220,157,210
2025-10,LA MESA,True,37,31,37
2025-10,NATIONAL CITY,False,202,155,191
2025-10,NATIONAL CITY,True,30,22,30
2025-10,OCEANSIDE,False,559,474,541
2025-10,OCEANSIDE,True,64,59,64
2025-10,SAN DIEGO,False,4520,3707,4212
2025-10,SAN DIEGO,True,526,442,524
2025-10,SHERIFF,False,2068,1638,2012
2025-10,SHERIFF,True,301,255,300
2025-11,CARLSBAD,False,227,181,220
2025-11,CARLSBAD,True,27,21,27
2025-11,CHULA VISTA,False,576,440,540
2025-11,CHULA VISTA,True,100,84,100
2025-11,EL CAJON,False,389,288,359
2025-11,EL CAJON,True,65,48,65
2025-11,ESCONDIDO,False,505,400,496
2025-11,ESCONDIDO,True,62,45,62
2025-11,HARBOR POLICE,False,81,64,79
2025-11,HARBOR POLICE,True,11,9,11
2025-11,LA MESA,False,202,146,191
2025-11,LA MESA,True,24,19,24
2025-11,NATIONAL CITY,False,216,169,197
2025-11,NATIONAL CITY,True,38,29,38
2025-11,OCEANSIDE,False,580,484,562
2025-11,OCEANSIDE,True,57,46,57
2025-11,SAN DIEGO,False,4175,3417,3886
2025-11,SAN DIEGO,True,481,411,477
2025-11,SHERIFF,False,2035,1570,1954
2025-11,SHERIFF,True,294,245,294
2025-12,CARLSBAD,False,239,191,234
2025-12,CARLSBAD,True,33,27,33
2025-12,CHULA VISTA,False,721,549,660
2025-12,CHULA VISTA,True,123,98,123
2025-12,EL CAJON,False,392,301,371
2025-12,EL CAJON,True,44,38,44
2025-12,ESCONDIDO,False,522,424,509
2025-12,ESCONDIDO,True,52,45,52
2025-12,HARBOR POLICE,False,92,69,91
2025-12,HARBOR POLICE,True,6,6,6
2025-12,LA MESA,False,203,153,197
2025-12,LA MESA,True,29,26,29
2025-12,NATIONAL CITY,False,205,156,186
2025-12,NATIONAL CITY,True,25,17,25
2025-12,OCEANSIDE,False,616,524,601
2025-12,OCEANSIDE,True,66,58,66
2025-12,SAN DIEGO,False,4404,3624,4106
2025-12,SAN DIEGO,True,443,389,443
2025-12,SHERIFF,False,1887,1483,1807
2025-12,SHERIFF,True,225,188,224
2026-01,CARLSBAD,False,290,222,286
2026-01,CARLSBAD,True,39,31,39
2026-01,CHULA VISTA,False,582,462,537
2026-01,CHULA VISTA,True,88,71,88
2026-01,EL CAJON,False,405,319,386
2026-01,EL CAJON,True,70,56,70
2026-01,ESCONDIDO,False,508,409,494
2026-01,ESCONDIDO,True,51,45,51
2026-01,HARBOR POLICE,False,88,65,86
2026-01,HARBOR POLICE,True,5,4,5
2026-01,LA MESA,False,221,163,212
2026-01,LA MESA,True,25,22,25
2026-01,NATIONAL CITY,False,224,176,210
2026-01,NATIONAL CITY,True,27,21,27
2026-01,OCEANSIDE,False,511,431,495
2026-01,OCEANSIDE,True,66,57,66
2026-01,SAN DIEGO,False,4290,3546,4015
2026-01,SAN DIEGO,True,441,386,437
2026-01,SHERIFF,False,1982,1549,1906
2026-01,SHERIFF,True,274,235,274
2026-02,CARLSBAD,False,218,178,215
2026-02,CARLSBAD,True,25,22,25
2026-02,CHULA VISTA,False,570,446,519
2026-02,CHULA VISTA,True,94,68,94
2026-02,EL CAJON,False,381,297,368
2026-02,EL CAJON,True,41,35,41
2026-02,ESCONDIDO,False,451,351,433
2026-02,ESCONDIDO,True,43,35,43
2026-02,HARBOR POLICE,False,81,69,81
2026-02,HARBOR POLICE,True,3,3,3
2026-02,LA MESA,False,219,162,208
2026-02,LA MESA,True,34,27,34
2026-02,NATIONAL CITY,False,172,146,167
2026-02,NATIONAL CITY,True,22,22,22
2026-02,OCEANSIDE,False,487,418,476
2026-02,OCEANSIDE,True,52,44,52
2026-02,SAN DIEGO,False,3835,3124,3544
2026-02,SAN DIEGO,True,414,363,414
2026-02,SHERIFF,False,1771,1379,1711
2026-02,SHERIFF,True,207,177,207
2026-03,CARLSBAD,False,202,160,197
2026-03,CARLSBAD,True,37,32,37
2026-03,CHULA VISTA,False,581,468,539
2026-03,CHULA VISTA,True,129,93,128
2026-03,EL CAJON,False,453,342,422
2026-03,EL CAJON,True,67,53,67
2026-03,ESCONDIDO,False,496,399,483
2026-03,ESCONDIDO,True,51,46,51
2026-03,HARBOR POLICE,False,111,86,110
2026-03,HARBOR POLICE,True,8,8,8
2026-03,LA MESA,False,210,158,202
2026-03,LA MESA,True,37,30,36
2026-03,NATIONAL CITY,False,178,149,170
2026-03,NATIONAL CITY,True,42,31,42
2026-03,OCEANSIDE,False,678,570,658
2026-03,OCEANSIDE,True,50,42,50
2026-03,SAN DIEGO,False,4567,3759,4281
2026-03,SAN DIEGO,True,505,444,501
2026-03,SHERIFF,False,1851,1483,1789
2026-03,SHERIFF,True,290,243,290
2026-04,CARLSBAD,False,207,166,203
2026-04,CARLSBAD,True,32,24,32
2026-04,CHULA VISTA,False,596,459,549
2026-04,CHULA VISTA,True,105,86,105
2026-04,EL CAJON,False,410,309,389
2026-04,EL CAJON,True,54,49,54
2026-04,ESCONDIDO,False,485,389,467
2026-04,ESCONDIDO,True,33,28,33
2026-04,HARBOR POLICE,False,89,65,88
2026-04,HARBOR POLICE,True,7,4,7
2026-04,LA MESA,False,203,153,195
2026-04,LA MESA,True,30,26,30
2026-04,NATIONAL CITY,False,276,212,258
2026-04,NATIONAL CITY,True,53,26,53
2026-04,OCEANSIDE,False,603,512,593
2026-04,OCEANSIDE,True,69,62,69
2026-04,SAN DIEGO,False,4254,3474,3955
2026-04,SAN DIEGO,True,480,410,480
2026-04,SHERIFF,False,1894,1492,1825
2026-04,SHERIFF,True,297,232,296
2026-05,CARLSBAD,False,264,212,260
2026-05,CARLSBAD,True,27,24,27
2026-05,CHULA VISTA,False,570,450,517
2026-05,CHULA VISTA,True,126,98,126
2026-05,EL CAJON,False,417,319,404
2026-05,EL CAJON,True,81,59,81
2026-05,ESCONDIDO,False,478,376,460
2026-05,ESCONDIDO,True,77,65,77
2026-05,HARBOR POLICE,False,84,65,83
2026-05,HARBOR POLICE,True,14,8,14
2026-05,LA MESA,False,212,155,201
2026-05,LA MESA,True,43,29,43
2026-05,NATIONAL CITY,False,232,180,217
2026-05,NATIONAL CITY,True,34,27,34
2026-05,OCEANSIDE,False,666,562,656
2026-05,OCEANSIDE,True,71,58,70
2026-05,SAN DIEGO,False,4464,3637,4127
2026-05,SAN DIEGO,True,479,405,475
2026-05,SHERIFF,False,1867,1473,1822
2026-05,SHERIFF,True,263,224,263
2026-06,CARLSBAD,False,264,206,258
2026-06,CARLSBAD,True,37,32,37
2026-06,CHULA VISTA,False,543,423,496
2026-06,CHULA VISTA,True,122,95,122
2026-06,EL CAJON,False,370,274,358
2026-06,EL CAJON,True,74,54,74
2026-06,ESCONDIDO,False,466,369,450
2026-06,ESCONDIDO,True,56,45,56
2026-06,HARBOR POLICE,False,124,93,119
2026-06,HARBOR POLICE,True,2,2,2
2026-06,LA MESA,False,231,185,221
2026-06,LA MESA,True,29,23,28
2026-06,NATIONAL CITY,False,196,150,182
2026-06,NATIONAL CITY,True,30,26,29
2026-06,OCEANSIDE,False,599,494,583
2026-06,OCEANSIDE,True,56,52,56
2026-06,SAN DIEGO,False,4358,3586,4080
2026-06,SAN DIEGO,True,518,442,515
2026-06,SHERIFF,False,1791,1373,1747
2026-06,SHERIFF,True,295,238,294
2026-07,CARLSBAD,False,255,195,249
2026-07,CARLSBAD,True,34,28,34
2026-07,CHULA VISTA,False,583,442,538
2026-07,CHULA VISTA,True,134,104,134
2026-07,EL CAJON,False,383,303,372
2026-07,EL CAJON,True,97,71,97
2026-07,ESCONDIDO,False,475,377,453
2026-07,ESCONDIDO,True,74,61,74
2026-07,HARBOR POLICE,False,125,103,123
2026-07,HARBOR POLICE,True,1,1,1
2026-07,LA MESA,False,224,168,215
2026-07,LA MESA,True,24,22,24
2026-07,NATIONAL CITY,False,221,170,211
2026-07,NATIONAL CITY,True,36,31,36
2026-07,OCEANSIDE,False,671,550,649
2026-07,OCEANSIDE,True,81,67,81
2026-07,SAN DIEGO,False,4545,3750,4278
2026-07,SAN DIEGO,True,485,403,482
2026-07,SHERIFF,False,2050,1596,1991
2026-07,SHERIFF,True,288,238,287
2026-08,CARLSBAD,False,244,186,241
2026-08,CARLSBAD,True,29,28,29
2026-08,CHULA VISTA,False,488,375,452
2026-08,CHULA VISTA,True,173,135,173
2026-08,EL CAJON,False,346,263,334
2026-08,EL CAJON,True,62,50,62
2026-08,ESCONDIDO,False,493,377,473
2026-08,ESCONDIDO,True,58,49,58
2026-08,HARBOR POLICE,False,114,79,107
2026-08,HARBOR POLICE,True,5,4,5
2026-08,LA MESA,False,176,127,170
2026-08,LA MESA,True,23,17,23
2026-08,NATIONAL CITY,False,190,147,180
2026-08,NATIONAL CITY,True,48,33,48
2026-08,OCEANSIDE,False,655,563,643
2026-08,OCEANSIDE,True,63,56,63
2026-08,SAN DIEGO,False,4371,3623,4112
2026-08,SAN DIEGO,True,539,455,538
2026-08,SHERIFF,False,1846,1484,1795
2026-08,SHERIFF,True,292,247,292
2026-09,CARLSBAD,False,106,87,104
2026-09,CARLSBAD,True,26,19,26
2026-09,CHULA VISTA,False,258,205,248
2026-09,CHULA VISTA,True,72,55,71
2026-09,EL CAJON,False,150,112,147
2026-09,EL CAJON,True,49,40,49
2026-09,ESCONDIDO,False,279,215,273
2026-09,ESCONDIDO,True,38,31,38
2026-09,HARBOR POLICE,False,51,34,51
2026-09,HARBOR POLICE,True,7,7,7
2026-09,LA MESA,False,106,76,103
2026-09,LA MESA,True,17,13,17
2026-09,NATIONAL CITY,False,71,59,66
2026-09,NATIONAL CITY,True,11,11,11
2026-09,OCEANSIDE,False,371,300,358
2026-09,OCEANSIDE,True,52,46,52
2026-09,SAN DIEGO,False,2943,2429,2766
2026-09,SAN DIEGO,True,344,294,342
2026-09,SHERIFF,False,1107,864,1068
2026-09,SHERIFF,True,180,149,180
