date,group_type,crime_against,source_rows,distinct_nibrs_offense_ids,distinct_case_numbers
2020-01-01,A,PE,93,93,79
2020-01-01,A,PR,128,128,119
2020-01-01,A,SO,22,22,17
2020-01-01,B,,56,56,56
2020-01-01,B,PR,1,1,1
2020-01-01,B,SO,51,51,50
2020-01-02,A,PE,26,26,25
2020-01-02,A,PR,82,82,78
2020-01-02,A,SO,25,25,19
2020-01-02,B,,63,63,63
2020-01-02,B,SO,12,12,12
2020-01-03,A,PE,27,27,23
2020-01-03,A,PR,121,121,113
2020-01-03,A,SO,39,39,28
2020-01-03,B,,63,63,63
2020-01-03,B,SO,24,24,24
2020-01-04,A,PE,42,42,40
2020-01-04,A,PR,128,128,121
2020-01-04,A,SO,37,37,26
2020-01-04,B,,57,57,57
2020-01-04,B,SO,26,26,25
2020-01-05,A,PE,31,31,30
2020-01-05,A,PR,87,87,85
2020-01-05,A,SO,19,19,15
2020-01-05,B,,79,79,79
2020-01-05,B,SO,28,28,28
2020-01-06,A,PE,35,35,34
2020-01-06,A,PR,101,101,96
2020-01-06,A,SO,42,42,31
2020-01-06,B,,72,72,72
2020-01-06,B,SO,16,16,16
2020-01-07,A,PE,40,40,36
2020-01-07,A,PR,105,105,99
2020-01-07,A,SO,24,24,20
2020-01-07,B,,72,72,72
2020-01-07,B,SO,20,20,20
2020-01-08,A,PE,39,39,28
2020-01-08,A,PR,118,118,110
2020-01-08,A,SO,41,41,33
2020-01-08,B,,66,66,66
2020-01-08,B,SO,21,21,21
2020-01-09,A,PE,24,24,20
2020-01-09,A,PR,81,81,77
2020-01-09,A,SO,29,29,20
2020-01-09,B,,71,71,71
2020-01-09,B,SO,14,14,13
2020-01-10,A,PE,39,39,33
2020-01-10,A,PR,136,136,132
2020-01-10,A,SO,26,26,19
2020-01-10,B,,80,80,80
2020-01-10,B,SO,21,21,21
2020-01-11,A,PE,35,35,35
2020-01-11,A,PR,110,110,104
2020-01-11,A,SO,29,29,20
2020-01-11,B,,50,50,50
2020-01-11,B,SO,33,33,33
2020-01-12,A,PE,26,26,26
2020-01-12,A,PR,122,122,115
2020-01-12,A,SO,21,21,17
2020-01-12,B,,42,42,42
2020-01-12,B,SO,19,19,19
2020-01-13,A,PE,33,33,29
2020-01-13,A,PR,117,117,113
2020-01-13,A,SO,29,29,20
2020-01-13,B,,67,67,67
2020-01-13,B,SO,9,9,9
2020-01-14,A,PE,27,27,27
2020-01-14,A,PR,106,106,100
2020-01-14,A,SO,35,35,23
2020-01-14,B,,69,69,69
2020-01-14,B,SO,19,19,19
2020-01-15,A,PE,33,33,31
2020-01-15,A,PR,134,134,122
2020-01-15,A,SO,35,35,29
2020-01-15,B,,65,65,65
2020-01-15,B,SO,19,19,18
2020-01-16,A,PE,24,24,22
2020-01-16,A,PR,112,112,103
2020-01-16,A,SO,33,33,27
2020-01-16,B,,70,70,70
2020-01-16,B,SO,22,22,22
2020-01-17,A,PE,38,38,32
2020-01-17,A,PR,122,122,106
2020-01-17,A,SO,27,27,22
2020-01-17,B,,70,70,70
2020-01-17,B,SO,32,32,31
2020-01-18,A,PE,40,40,36
2020-01-18,A,PR,119,119,110
2020-01-18,A,SO,17,17,14
2020-01-18,B,,42,42,42
2020-01-18,B,SO,37,37,35
2020-01-19,A,PE,40,40,37
2020-01-19,A,PR,102,102,97
2020-01-19,A,SO,19,19,16
2020-01-19,B,,58,58,58
2020-01-19,B,SO,35,35,35
2020-01-20,A,PE,20,20,17
2020-01-20,A,PR,119,119,107
2020-01-20,A,SO,30,30,25
2020-01-20,B,,84,84,84
2020-01-20,B,SO,26,26,26
2020-01-21,A,PE,25,25,24
2020-01-21,A,PR,105,105,101
2020-01-21,A,SO,32,32,25
2020-01-21,B,,74,74,74
2020-01-21,B,SO,19,19,18
2020-01-22,A,PE,33,33,32
2020-01-22,A,PR,112,112,105
2020-01-22,A,SO,44,44,31
2020-01-22,B,,75,75,75
2020-01-22,B,SO,21,21,20
2020-01-23,A,PE,23,23,21
2020-01-23,A,PR,96,96,94
2020-01-23,A,SO,43,43,38
2020-01-23,B,,77,77,77
2020-01-23,B,SO,26,26,25
2020-01-24,A,PE,30,30,28
2020-01-24,A,PR,143,143,136
2020-01-24,A,SO,34,34,28
2020-01-24,B,,71,71,71
2020-01-24,B,SO,25,25,25
2020-01-25,A,PE,43,43,40
2020-01-25,A,PR,106,106,93
2020-01-25,A,SO,28,28,23
2020-01-25,B,,69,69,69
2020-01-25,B,SO,35,35,34
2020-01-26,A,PE,32,32,30
2020-01-26,A,PR,93,93,89
2020-01-26,A,SO,23,23,19
2020-01-26,B,,50,50,50
2020-01-26,B,SO,38,38,38
2020-01-27,A,PE,21,21,19
2020-01-27,A,PR,135,135,127
2020-01-27,A,SO,34,34,26
2020-01-27,B,,70,70,70
2020-01-27,B,SO,17,17,17
2020-01-28,A,PE,30,30,28
2020-01-28,A,PR,118,118,109
2020-01-28,A,SO,38,38,27
2020-01-28,B,,88,88,88
2020-01-28,B,SO,31,31,30
2020-01-29,A,PE,27,27,27
2020-01-29,A,PR,106,106,99
2020-01-29,A,SO,31,31,22
2020-01-29,B,,91,91,91
2020-01-29,B,SO,21,21,21
2020-01-30,A,PE,26,26,25
2020-01-30,A,PR,101,101,93
2020-01-30,A,SO,27,27,23
2020-01-30,B,,85,85,85
2020-01-30,B,SO,23,23,23
2020-01-31,A,PE,30,30,29
2020-01-31,A,PR,148,148,139
2020-01-31,A,SO,38,38,32
2020-01-31,B,,77,77,77
2020-01-31,B,SO,29,29,28
2020-02-01,A,PE,62,62,56
2020-02-01,A,PR,151,151,139
2020-02-01,A,SO,34,34,26
2020-02-01,B,,58,58,58
2020-02-01,B,SO,45,45,45
2020-02-02,A,PE,37,37,35
2020-02-02,A,PR,118,118,109
2020-02-02,A,SO,20,20,15
2020-02-02,B,,49,49,49
2020-02-02,B,SO,31,31,31
2020-02-03,A,PE,22,22,22
2020-02-03,A,PR,133,133,124
2020-02-03,A,SO,43,43,34
2020-02-03,B,,59,59,59
2020-02-03,B,SO,20,20,19
2020-02-04,A,PE,36,36,33
2020-02-04,A,PR,119,119,111
2020-02-04,A,SO,66,66,48
2020-02-04,B,,73,73,73
2020-02-04,B,SO,21,21,21
2020-02-05,A,PE,26,26,24
2020-02-05,A,PR,112,112,104
2020-02-05,A,SO,46,46,36
2020-02-05,B,,88,88,88
2020-02-05,B,SO,29,29,28
2020-02-06,A,PE,21,21,20
2020-02-06,A,PR,110,110,107
2020-02-06,A,SO,32,32,28
2020-02-06,B,,72,72,72
2020-02-06,B,SO,20,20,20
2020-02-07,A,PE,29,29,28
2020-02-07,A,PR,131,131,122
2020-02-07,A,SO,33,33,27
2020-02-07,B,,85,85,85
2020-02-07,B,SO,25,25,25
2020-02-08,A,PE,42,42,36
2020-02-08,A,PR,126,126,120
2020-02-08,A,SO,42,42,30
2020-02-08,B,,63,63,63
2020-02-08,B,SO,42,42,42
2020-02-09,A,PE,41,41,34
2020-02-09,A,PR,101,101,97
2020-02-09,A,SO,24,24,21
2020-02-09,B,,53,53,53
2020-02-09,B,SO,32,32,32
2020-02-10,A,PE,21,21,19
2020-02-10,A,PR,108,108,99
2020-02-10,A,SO,35,35,27
2020-02-10,B,,77,77,77
2020-02-10,B,SO,17,17,17
2020-02-11,A,PE,19,19,15
2020-02-11,A,PR,107,107,99
2020-02-11,A,SO,43,43,31
2020-02-11,B,,81,81,81
2020-02-11,B,SO,25,25,24
2020-02-12,A,PE,30,30,26
2020-02-12,A,PR,118,118,107
2020-02-12,A,SO,45,45,36
2020-02-12,B,,87,87,87
2020-02-12,B,SO,16,16,15
2020-02-13,A,PE,24,24,23
2020-02-13,A,PR,100,100,93
2020-02-13,A,SO,57,57,44
2020-02-13,B,,74,74,74
2020-02-13,B,SO,28,28,28
2020-02-14,A,PE,41,41,40
2020-02-14,A,PR,126,126,122
2020-02-14,A,SO,32,32,25
2020-02-14,B,,81,81,81
2020-02-14,B,SO,47,47,42
2020-02-15,A,PE,47,47,42
2020-02-15,A,PR,104,104,96
2020-02-15,A,SO,30,30,21
2020-02-15,B,,66,66,66
2020-02-15,B,SO,39,39,39
2020-02-16,A,PE,42,42,34
2020-02-16,A,PR,128,128,117
2020-02-16,A,SO,23,23,20
2020-02-16,B,,59,59,59
2020-02-16,B,SO,43,43,42
2020-02-17,A,PE,29,29,27
2020-02-17,A,PR,125,125,119
2020-02-17,A,SO,46,46,37
2020-02-17,B,,67,67,67
2020-02-17,B,SO,19,19,19
2020-02-18,A,PE,18,18,14
2020-02-18,A,PR,102,102,98
2020-02-18,A,SO,33,33,26
2020-02-18,B,,101,101,101
2020-02-18,B,SO,27,27,27
2020-02-19,A,PE,22,22,21
2020-02-19,A,PR,106,106,99
2020-02-19,A,SO,32,32,26
2020-02-19,B,,63,63,63
2020-02-19,B,SO,19,19,18
2020-02-20,A,PE,34,34,32
2020-02-20,A,PR,114,114,109
2020-02-20,A,SO,42,42,30
2020-02-20,B,,85,85,85
2020-02-20,B,SO,30,30,29
2020-02-21,A,PE,30,30,26
2020-02-21,A,PR,116,116,106
2020-02-21,A,SO,35,35,30
2020-02-21,B,,77,77,77
2020-02-21,B,SO,26,26,25
2020-02-22,A,PE,35,35,32
2020-02-22,A,PR,135,135,122
2020-02-22,A,SO,23,23,20
2020-02-22,B,,50,50,50
2020-02-22,B,SO,44,44,44
2020-02-23,A,PE,34,34,33
2020-02-23,A,PR,103,103,100
2020-02-23,A,SO,22,22,15
2020-02-23,B,,69,69,69
2020-02-23,B,SO,27,27,27
2020-02-24,A,PE,23,23,21
2020-02-24,A,PR,100,100,92
2020-02-24,A,SO,19,19,16
2020-02-24,B,,68,68,68
2020-02-24,B,SO,14,14,14
2020-02-25,A,PE,29,29,27
2020-02-25,A,PR,110,110,105
2020-02-25,A,SO,37,37,28
2020-02-25,B,,74,74,74
2020-02-25,B,SO,46,46,45
2020-02-26,A,PE,35,35,34
2020-02-26,A,PR,122,122,112
2020-02-26,A,SO,36,36,28
2020-02-26,B,,79,79,79
2020-02-26,B,SO,27,27,27
2020-02-27,A,PE,28,28,24
2020-02-27,A,PR,107,107,104
2020-02-27,A,SO,48,48,31
2020-02-27,B,,77,77,77
2020-02-27,B,SO,22,22,21
2020-02-28,A,PE,29,29,24
2020-02-28,A,PR,115,115,103
2020-02-28,A,SO,27,27,22
2020-02-28,B,,81,81,81
2020-02-28,B,SO,30,30,30
2020-02-29,A,PE,35,35,33
2020-02-29,A,PR,104,104,97
2020-02-29,A,SO,22,22,18
2020-02-29,B,,54,54,54
2020-02-29,B,SO,46,46,45
2020-03-01,A,PE,56,56,48
2020-03-01,A,PR,125,125,117
2020-03-01,A,SO,22,22,17
2020-03-01,B,,55,55,55
2020-03-01,B,SO,32,32,32
2020-03-02,A,PE,25,25,22
2020-03-02,A,PR,90,90,88
2020-03-02,A,SO,29,29,23
2020-03-02,B,,69,69,69
2020-03-02,B,SO,23,23,22
2020-03-03,A,PE,35,35,32
2020-03-03,A,PR,96,96,94
2020-03-03,A,SO,36,36,29
2020-03-03,B,,72,72,72
2020-03-03,B,SO,18,18,18
2020-03-04,A,PE,27,27,25
2020-03-04,A,PR,117,117,102
2020-03-04,A,SO,36,36,28
2020-03-04,B,,66,66,66
2020-03-04,B,SO,19,19,18
2020-03-05,A,PE,40,40,31
2020-03-05,A,PR,96,96,89
2020-03-05,A,SO,37,37,28
2020-03-05,B,,77,77,77
2020-03-05,B,SO,27,27,27
2020-03-06,A,PE,34,34,29
2020-03-06,A,PR,119,119,115
2020-03-06,A,SO,39,39,29
2020-03-06,B,,67,67,67
2020-03-06,B,SO,36,36,34
2020-03-07,A,PE,35,35,32
2020-03-07,A,PR,106,106,98
2020-03-07,A,SO,34,34,26
2020-03-07,B,,65,65,65
2020-03-07,B,SO,53,53,53
2020-03-08,A,PE,39,39,37
2020-03-08,A,PR,111,111,103
2020-03-08,A,SO,28,28,19
2020-03-08,B,,55,55,55
2020-03-08,B,SO,31,31,31
2020-03-09,A,PE,40,40,34
2020-03-09,A,PR,119,119,111
2020-03-09,A,SO,28,28,22
2020-03-09,B,,58,58,58
2020-03-09,B,SO,16,16,16
2020-03-10,A,PE,26,26,24
2020-03-10,A,PR,86,86,80
2020-03-10,A,SO,28,28,20
2020-03-10,B,,82,82,82
2020-03-10,B,SO,17,17,17
2020-03-11,A,PE,20,20,19
2020-03-11,A,PR,91,91,86
2020-03-11,A,SO,30,30,26
2020-03-11,B,,66,66,66
2020-03-11,B,SO,19,19,19
2020-03-12,A,PE,28,28,26
2020-03-12,A,PR,110,110,101
2020-03-12,A,SO,35,35,27
2020-03-12,B,,78,78,78
2020-03-12,B,SO,18,18,18
2020-03-13,A,PE,34,34,28
2020-03-13,A,PR,132,132,122
2020-03-13,A,SO,22,22,20
2020-03-13,B,,70,70,70
2020-03-13,B,SO,27,27,25
2020-03-14,A,PE,40,40,37
2020-03-14,A,PR,93,93,86
2020-03-14,A,SO,17,17,16
2020-03-14,B,,40,40,40
2020-03-14,B,SO,32,32,32
2020-03-15,A,PE,38,38,37
2020-03-15,A,PR,94,94,88
2020-03-15,A,SO,9,9,9
2020-03-15,B,,54,54,54
2020-03-15,B,SO,34,34,33
2020-03-16,A,PE,31,31,31
2020-03-16,A,PR,108,108,98
2020-03-16,A,SO,19,19,16
2020-03-16,B,,39,39,39
2020-03-16,B,SO,15,15,15
2020-03-17,A,PE,21,21,19
2020-03-17,A,PR,85,85,80
2020-03-17,A,SO,26,26,21
2020-03-17,B,,77,77,77
2020-03-17,B,SO,24,24,24
2020-03-18,A,PE,24,24,23
2020-03-18,A,PR,98,98,91
2020-03-18,A,SO,18,18,16
2020-03-18,B,,63,63,63
2020-03-18,B,SO,6,6,6
2020-03-19,A,PE,25,25,22
2020-03-19,A,PR,101,101,93
2020-03-19,A,SO,19,19,13
2020-03-19,B,,53,53,53
2020-03-19,B,SO,14,14,14
2020-03-20,A,PE,32,32,32
2020-03-20,A,PR,103,103,97
2020-03-20,A,SO,21,21,16
2020-03-20,B,,51,51,51
2020-03-20,B,SO,18,18,17
2020-03-21,A,PE,29,29,24
2020-03-21,A,PR,83,83,77
2020-03-21,A,SO,20,20,15
2020-03-21,B,,41,41,41
2020-03-21,B,SO,16,16,16
2020-03-22,A,PE,28,28,27
2020-03-22,A,PR,78,78,76
2020-03-22,A,SO,14,14,12
2020-03-22,B,,43,43,43
2020-03-22,B,SO,11,11,11
2020-03-23,A,PE,32,32,30
2020-03-23,A,PR,86,86,83
2020-03-23,A,SO,22,22,17
2020-03-23,B,,53,53,53
2020-03-23,B,SO,16,16,16
2020-03-24,A,PE,27,27,26
2020-03-24,A,PR,98,98,74
2020-03-24,A,SO,20,20,16
2020-03-24,B,,43,43,43
2020-03-24,B,SO,17,17,17
2020-03-25,A,PE,25,25,23
2020-03-25,A,PR,91,91,87
2020-03-25,A,SO,15,15,14
2020-03-25,B,,61,61,61
2020-03-25,B,SO,22,22,22
2020-03-26,A,PE,20,20,16
2020-03-26,A,PR,79,79,76
2020-03-26,A,SO,16,16,13
2020-03-26,B,,46,46,46
2020-03-26,B,SO,18,18,18
2020-03-27,A,PE,36,36,33
2020-03-27,A,PR,107,107,99
2020-03-27,A,SO,23,23,20
2020-03-27,B,,57,57,57
2020-03-27,B,SO,15,15,15
2020-03-28,A,PE,28,28,25
2020-03-28,A,PR,113,113,101
2020-03-28,A,SO,17,17,15
2020-03-28,B,,43,43,43
2020-03-28,B,SO,15,15,15
2020-03-29,A,PE,26,26,25
2020-03-29,A,PR,92,92,87
2020-03-29,A,SO,16,16,13
2020-03-29,B,,49,49,49
2020-03-29,B,SO,16,16,16
2020-03-30,A,PE,31,31,30
2020-03-30,A,PR,112,112,103
2020-03-30,A,SO,33,33,24
2020-03-30,B,,66,66,66
2020-03-30,B,SO,15,15,15
2020-03-31,A,PE,22,22,16
2020-03-31,A,PR,89,89,81
2020-03-31,A,SO,27,27,21
2020-03-31,B,,56,56,56
2020-03-31,B,SO,20,20,19
2020-04-01,A,PE,32,32,31
2020-04-01,A,PR,140,140,128
2020-04-01,A,SO,23,23,23
2020-04-01,B,,58,58,58
2020-04-01,B,SO,37,37,36
2020-04-02,A,PE,38,38,35
2020-04-02,A,PR,97,97,90
2020-04-02,A,SO,29,29,21
2020-04-02,B,,61,61,61
2020-04-02,B,SO,23,23,23
2020-04-03,A,PE,25,25,23
2020-04-03,A,PR,101,101,95
2020-04-03,A,SO,22,22,19
2020-04-03,B,,59,59,59
2020-04-03,B,SO,18,18,17
2020-04-04,A,PE,32,32,31
2020-04-04,A,PR,85,85,80
2020-04-04,A,SO,26,26,22
2020-04-04,B,,57,57,57
2020-04-04,B,SO,7,7,7
2020-04-05,A,PE,28,28,27
2020-04-05,A,PR,93,93,91
2020-04-05,A,SO,23,23,19
2020-04-05,B,,33,33,33
2020-04-05,B,SO,8,8,8
2020-04-06,A,PE,26,26,26
2020-04-06,A,PR,92,92,88
2020-04-06,A,SO,24,24,20
2020-04-06,B,,63,63,63
2020-04-06,B,SO,17,17,17
2020-04-07,A,PE,23,23,22
2020-04-07,A,PR,100,100,95
2020-04-07,A,SO,20,20,17
2020-04-07,B,,54,54,54
2020-04-07,B,SO,15,15,15
2020-04-08,A,PE,29,29,24
2020-04-08,A,PR,89,89,82
2020-04-08,A,SO,26,26,23
2020-04-08,B,,56,56,56
2020-04-08,B,SO,19,19,19
2020-04-09,A,PE,23,23,21
2020-04-09,A,PR,98,98,89
2020-04-09,A,SO,28,28,24
2020-04-09,B,,47,47,47
2020-04-09,B,SO,9,9,9
2020-04-10,A,PE,21,21,18
2020-04-10,A,PR,100,100,91
2020-04-10,A,SO,20,20,17
2020-04-10,B,,54,54,54
2020-04-10,B,SO,9,9,8
2020-04-11,A,PE,36,36,34
2020-04-11,A,PR,99,99,98
2020-04-11,A,SO,24,24,19
2020-04-11,B,,55,55,55
2020-04-11,B,SO,20,20,19
2020-04-12,A,PE,34,34,30
2020-04-12,A,PR,84,84,80
2020-04-12,A,SO,22,22,16
2020-04-12,B,,39,39,39
2020-04-12,B,SO,9,9,9
2020-04-13,A,PE,33,33,31
2020-04-13,A,PR,105,105,103
2020-04-13,A,SO,32,32,24
2020-04-13,B,,56,56,56
2020-04-13,B,SO,12,12,12
2020-04-14,A,PE,19,19,18
2020-04-14,A,PR,102,102,91
2020-04-14,A,SO,33,33,29
2020-04-14,B,,39,39,39
2020-04-14,B,SO,9,9,9
2020-04-15,A,PE,27,27,24
2020-04-15,A,PR,94,94,84
2020-04-15,A,SO,33,33,26
2020-04-15,B,,57,57,57
2020-04-15,B,SO,9,9,9
2020-04-16,A,PE,30,30,26
2020-04-16,A,PR,119,119,110
2020-04-16,A,SO,30,30,25
2020-04-16,B,,47,47,47
2020-04-16,B,SO,12,12,12
2020-04-17,A,PE,22,22,21
2020-04-17,A,PR,95,95,93
2020-04-17,A,SO,23,23,16
2020-04-17,B,,41,41,41
2020-04-17,B,SO,7,7,7
2020-04-18,A,PE,31,31,30
2020-04-18,A,PR,122,122,115
2020-04-18,A,SO,21,21,16
2020-04-18,B,,55,55,55
2020-04-18,B,SO,16,16,16
2020-04-19,A,PE,32,32,29
2020-04-19,A,PR,72,72,64
2020-04-19,A,SO,23,23,19
2020-04-19,B,,42,42,42
2020-04-19,B,SO,13,13,13
2020-04-20,A,PE,36,36,30
2020-04-20,A,PR,128,128,115
2020-04-20,A,SO,33,33,26
2020-04-20,B,,42,42,42
2020-04-20,B,SO,12,12,12
2020-04-21,A,PE,24,24,23
2020-04-21,A,PR,108,108,96
2020-04-21,A,SO,21,21,18
2020-04-21,B,,49,49,49
2020-04-21,B,SO,11,11,11
2020-04-22,A,PE,24,24,23
2020-04-22,A,PR,92,92,88
2020-04-22,A,SO,37,37,24
2020-04-22,B,,46,46,46
2020-04-22,B,SO,3,3,3
2020-04-23,A,PE,40,40,33
2020-04-23,A,PR,102,102,99
2020-04-23,A,SO,33,33,26
2020-04-23,B,,40,40,40
2020-04-23,B,SO,8,8,8
2020-04-24,A,PE,32,32,32
2020-04-24,A,PR,101,101,93
2020-04-24,A,SO,12,12,10
2020-04-24,B,,38,38,38
2020-04-24,B,SO,11,11,10
2020-04-25,A,PE,32,32,30
2020-04-25,A,PR,107,107,98
2020-04-25,A,SO,21,21,19
2020-04-25,B,,49,49,49
2020-04-25,B,SO,13,13,13
2020-04-26,A,PE,45,45,42
2020-04-26,A,PR,95,95,87
2020-04-26,A,SO,20,20,17
2020-04-26,B,,50,50,50
2020-04-26,B,SO,7,7,7
2020-04-27,A,PE,28,28,25
2020-04-27,A,PR,114,114,104
2020-04-27,A,SO,32,32,23
2020-04-27,B,,48,48,48
2020-04-27,B,SO,7,7,7
2020-04-28,A,PE,34,34,26
2020-04-28,A,PR,108,108,100
2020-04-28,A,SO,27,27,24
2020-04-28,B,,47,47,47
2020-04-28,B,SO,17,17,17
2020-04-29,A,PE,24,24,22
2020-04-29,A,PR,95,95,85
2020-04-29,A,SO,19,19,17
2020-04-29,B,,51,51,51
2020-04-29,B,SO,15,15,15
2020-04-30,A,PE,47,47,41
2020-04-30,A,PR,106,106,98
2020-04-30,A,SO,27,27,23
2020-04-30,B,,38,38,38
2020-04-30,B,SO,20,20,19
2020-05-01,A,PE,40,40,37
2020-05-01,A,PR,155,155,146
2020-05-01,A,SO,22,22,19
2020-05-01,B,,45,45,45
2020-05-01,B,SO,15,15,14
2020-05-02,A,PE,29,29,28
2020-05-02,A,PR,107,107,102
2020-05-02,A,SO,21,21,15
2020-05-02,B,,43,43,43
2020-05-02,B,SO,11,11,11
2020-05-03,A,PE,33,33,31
2020-05-03,A,PR,88,88,84
2020-05-03,A,SO,23,23,19
2020-05-03,B,,41,41,41
2020-05-03,B,SO,18,18,18
2020-05-04,A,PE,33,33,29
2020-05-04,A,PR,99,99,96
2020-05-04,A,SO,37,37,30
2020-05-04,B,,58,58,58
2020-05-04,B,SO,18,18,18
2020-05-05,A,PE,33,33,30
2020-05-05,A,PR,99,99,91
2020-05-05,A,SO,40,40,28
2020-05-05,B,,56,56,56
2020-05-05,B,SO,13,13,13
2020-05-06,A,PE,25,25,22
2020-05-06,A,PR,99,99,95
2020-05-06,A,SO,43,43,31
2020-05-06,B,,47,47,47
2020-05-06,B,SO,9,9,9
2020-05-07,A,PE,27,27,26
2020-05-07,A,PR,105,105,101
2020-05-07,A,SO,47,47,37
2020-05-07,B,,60,60,60
2020-05-07,B,SO,19,19,18
2020-05-08,A,PE,21,21,20
2020-05-08,A,PR,95,95,93
2020-05-08,A,SO,36,36,27
2020-05-08,B,,34,34,34
2020-05-08,B,SO,10,10,10
2020-05-09,A,PE,37,37,31
2020-05-09,A,PR,78,78,76
2020-05-09,A,SO,37,37,24
2020-05-09,B,,41,41,41
2020-05-09,B,SO,10,10,10
2020-05-10,A,PE,32,32,29
2020-05-10,A,PR,93,93,88
2020-05-10,A,SO,24,24,20
2020-05-10,B,,56,56,56
2020-05-10,B,SO,11,11,9
2020-05-11,A,PE,28,28,24
2020-05-11,A,PR,101,101,97
2020-05-11,A,SO,27,27,22
2020-05-11,B,,44,44,44
2020-05-11,B,SO,18,18,18
2020-05-12,A,PE,27,27,23
2020-05-12,A,PR,92,92,87
2020-05-12,A,SO,32,32,26
2020-05-12,B,,43,43,43
2020-05-12,B,SO,11,11,11
2020-05-13,A,PE,36,36,32
2020-05-13,A,PR,104,104,98
2020-05-13,A,SO,29,29,24
2020-05-13,B,,50,50,50
2020-05-13,B,SO,18,18,18
2020-05-14,A,PE,30,30,30
2020-05-14,A,PR,95,95,87
2020-05-14,A,SO,20,20,16
2020-05-14,B,,38,38,38
2020-05-14,B,SO,12,12,12
2020-05-15,A,PE,28,28,24
2020-05-15,A,PR,104,104,98
2020-05-15,A,SO,24,24,19
2020-05-15,B,,42,42,42
2020-05-15,B,SO,12,12,12
2020-05-16,A,PE,40,40,35
2020-05-16,A,PR,81,81,79
2020-05-16,A,SO,30,30,22
2020-05-16,B,,32,32,32
2020-05-16,B,SO,14,14,14
2020-05-17,A,PE,26,26,23
2020-05-17,A,PR,82,82,74
2020-05-17,A,SO,28,28,25
2020-05-17,B,,30,30,30
2020-05-17,B,SO,8,8,8
2020-05-18,A,PE,24,24,22
2020-05-18,A,PR,106,106,99
2020-05-18,A,SO,37,37,28
2020-05-18,B,,44,44,44
2020-05-18,B,SO,15,15,15
2020-05-19,A,PE,37,37,37
2020-05-19,A,PR,89,89,85
2020-05-19,A,SO,42,42,31
2020-05-19,B,,49,49,49
2020-05-19,B,SO,15,15,15
2020-05-20,A,PE,21,21,21
2020-05-20,A,PR,100,100,94
2020-05-20,A,SO,36,36,28
2020-05-20,B,,54,54,54
2020-05-20,B,SO,17,17,17
2020-05-21,A,PE,29,29,26
2020-05-21,A,PR,80,80,78
2020-05-21,A,SO,40,40,32
2020-05-21,B,,52,52,52
2020-05-21,B,SO,10,10,10
2020-05-22,A,PE,30,30,28
2020-05-22,A,PR,100,100,97
2020-05-22,A,SO,28,28,23
2020-05-22,B,,50,50,50
2020-05-22,B,SO,20,20,20
2020-05-23,A,PE,35,35,33
2020-05-23,A,PR,114,114,106
2020-05-23,A,SO,18,18,15
2020-05-23,B,,33,33,33
2020-05-23,B,SO,12,12,12
2020-05-24,A,PE,36,36,30
2020-05-24,A,PR,105,105,97
2020-05-24,A,SO,23,23,16
2020-05-24,B,,34,34,34
2020-05-24,B,SO,23,23,23
2020-05-25,A,PE,30,30,25
2020-05-25,A,PR,76,76,71
2020-05-25,A,SO,52,52,42
2020-05-25,B,,54,54,54
2020-05-25,B,SO,19,19,19
2020-05-26,A,PE,30,30,26
2020-05-26,A,PR,92,92,85
2020-05-26,A,SO,36,36,31
2020-05-26,B,,42,42,42
2020-05-26,B,SO,7,7,7
2020-05-27,A,PE,21,21,18
2020-05-27,A,PR,96,96,90
2020-05-27,A,SO,32,32,26
2020-05-27,B,,50,50,50
2020-05-27,B,SO,9,9,9
2020-05-28,A,PE,36,36,27
2020-05-28,A,PR,94,94,87
2020-05-28,A,SO,52,52,40
2020-05-28,B,,46,46,46
2020-05-28,B,SO,13,13,13
2020-05-29,A,PE,36,36,33
2020-05-29,A,PR,118,118,107
2020-05-29,A,SO,14,14,14
2020-05-29,B,,38,38,38
2020-05-29,B,SO,8,8,8
2020-05-30,A,PE,30,30,28
2020-05-30,A,PR,107,107,99
2020-05-30,A,SO,17,17,13
2020-05-30,B,,29,29,29
2020-05-30,B,SO,9,9,9
2020-05-31,A,PE,45,45,37
2020-05-31,A,PR,120,120,114
2020-05-31,A,SO,6,6,5
2020-05-31,B,,22,22,22
2020-05-31,B,SO,40,40,40
2020-06-01,A,PE,40,40,36
2020-06-01,A,PR,157,157,148
2020-06-01,A,SO,7,7,6
2020-06-01,B,,40,40,40
2020-06-01,B,SO,74,74,74
2020-06-02,A,PE,33,33,33
2020-06-02,A,PR,92,92,88
2020-06-02,A,SO,11,11,9
2020-06-02,B,,31,31,31
2020-06-02,B,SO,11,11,9
2020-06-03,A,PE,32,32,25
2020-06-03,A,PR,85,85,80
2020-06-03,A,SO,18,18,16
2020-06-03,B,,34,34,34
2020-06-03,B,SO,9,9,9
2020-06-04,A,PE,36,36,34
2020-06-04,A,PR,103,103,97
2020-06-04,A,SO,18,18,15
2020-06-04,B,,28,28,28
2020-06-04,B,SO,7,7,7
2020-06-05,A,PE,22,22,21
2020-06-05,A,PR,94,94,92
2020-06-05,A,SO,15,15,13
2020-06-05,B,,26,26,26
2020-06-05,B,SO,6,6,6
2020-06-06,A,PE,31,31,31
2020-06-06,A,PR,111,111,104
2020-06-06,A,SO,11,11,9
2020-06-06,B,,32,32,32
2020-06-06,B,SO,8,8,8
2020-06-07,A,PE,36,36,35
2020-06-07,A,PR,109,109,101
2020-06-07,A,SO,16,16,15
2020-06-07,B,,36,36,36
2020-06-07,B,SO,6,6,6
2020-06-08,A,PE,36,36,29
2020-06-08,A,PR,114,114,114
2020-06-08,A,SO,11,11,9
2020-06-08,B,,36,36,36
2020-06-08,B,SO,13,13,13
2020-06-09,A,PE,29,29,27
2020-06-09,A,PR,118,118,110
2020-06-09,A,SO,19,19,14
2020-06-09,B,,43,43,43
2020-06-09,B,SO,10,10,10
2020-06-10,A,PE,26,26,24
2020-06-10,A,PR,115,115,106
2020-06-10,A,SO,14,14,12
2020-06-10,B,,51,51,51
2020-06-10,B,SO,10,10,10
2020-06-11,A,PE,33,33,28
2020-06-11,A,PR,101,101,92
2020-06-11,A,SO,22,22,17
2020-06-11,B,,46,46,46
2020-06-11,B,SO,11,11,11
2020-06-12,A,PE,20,20,20
2020-06-12,A,PR,122,122,113
2020-06-12,A,SO,17,17,13
2020-06-12,B,,45,45,45
2020-06-12,B,SO,16,16,16
2020-06-13,A,PE,34,34,32
2020-06-13,A,PR,99,99,96
2020-06-13,A,SO,22,22,17
2020-06-13,B,,41,41,41
2020-06-13,B,SO,14,14,14
2020-06-14,A,PE,33,33,33
2020-06-14,A,PR,110,110,102
2020-06-14,A,SO,13,13,13
2020-06-14,B,,26,26,26
2020-06-14,B,SO,11,11,11
2020-06-15,A,PE,32,32,29
2020-06-15,A,PR,109,109,100
2020-06-15,A,SO,33,33,25
2020-06-15,B,,39,39,39
2020-06-15,B,SO,9,9,9
2020-06-16,A,PE,36,36,32
2020-06-16,A,PR,111,111,103
2020-06-16,A,SO,17,17,15
2020-06-16,B,,40,40,40
2020-06-16,B,SO,14,14,13
2020-06-17,A,PE,40,40,37
2020-06-17,A,PR,98,98,85
2020-06-17,A,SO,19,19,16
2020-06-17,B,,52,52,52
2020-06-17,B,SO,15,15,14
2020-06-18,A,PE,41,41,33
2020-06-18,A,PR,95,95,89
2020-06-18,A,SO,11,11,9
2020-06-18,B,,44,44,44
2020-06-18,B,SO,6,6,6
2020-06-19,A,PE,23,23,22
2020-06-19,A,PR,122,122,114
2020-06-19,A,SO,25,25,20
2020-06-19,B,,26,26,26
2020-06-19,B,SO,11,11,11
2020-06-20,A,PE,37,37,37
2020-06-20,A,PR,121,121,115
2020-06-20,A,SO,18,18,15
2020-06-20,B,,30,30,30
2020-06-20,B,SO,21,21,20
2020-06-21,A,PE,41,41,37
2020-06-21,A,PR,102,102,96
2020-06-21,A,SO,17,17,14
2020-06-21,B,,44,44,44
2020-06-21,B,SO,23,23,23
2020-06-22,A,PE,31,31,31
2020-06-22,A,PR,109,109,102
2020-06-22,A,SO,23,23,18
2020-06-22,B,,36,36,36
2020-06-22,B,SO,8,8,8
2020-06-23,A,PE,30,30,26
2020-06-23,A,PR,111,111,100
2020-06-23,A,SO,20,20,17
2020-06-23,B,,47,47,47
2020-06-23,B,SO,11,11,11
2020-06-24,A,PE,30,30,29
2020-06-24,A,PR,112,112,104
2020-06-24,A,SO,32,32,28
2020-06-24,B,,48,48,48
2020-06-24,B,SO,13,13,13
2020-06-25,A,PE,42,42,29
2020-06-25,A,PR,93,93,86
2020-06-25,A,SO,30,30,23
2020-06-25,B,,35,35,35
2020-06-25,B,SO,11,11,11
2020-06-26,A,PE,30,30,27
2020-06-26,A,PR,97,97,91
2020-06-26,A,SO,15,15,12
2020-06-26,B,,34,34,34
2020-06-26,B,SO,15,15,15
2020-06-27,A,PE,27,27,26
2020-06-27,A,PR,103,103,98
2020-06-27,A,SO,16,16,13
2020-06-27,B,,25,25,25
2020-06-27,B,SO,22,22,22
2020-06-28,A,PE,36,36,33
2020-06-28,A,PR,123,123,118
2020-06-28,A,SO,8,8,6
2020-06-28,B,,24,24,24
2020-06-28,B,SO,16,16,15
2020-06-29,A,PE,29,29,26
2020-06-29,A,PR,110,110,101
2020-06-29,A,SO,15,15,13
2020-06-29,B,,34,34,34
2020-06-29,B,SO,8,8,8
2020-06-30,A,PE,37,37,33
2020-06-30,A,PR,101,101,93
2020-06-30,A,SO,27,27,23
2020-06-30,B,,49,49,49
2020-06-30,B,SO,9,9,9
2020-07-01,A,PE,44,44,42
2020-07-01,A,PR,155,155,144
2020-07-01,A,SO,18,18,16
2020-07-01,B,,47,47,47
2020-07-01,B,SO,9,9,9
2020-07-02,A,PE,36,36,33
2020-07-02,A,PR,92,92,86
2020-07-02,A,SO,38,38,32
2020-07-02,B,,36,36,36
2020-07-02,B,SO,17,17,17
2020-07-03,A,PE,37,37,33
2020-07-03,A,PR,117,117,109
2020-07-03,A,SO,20,20,17
2020-07-03,B,,42,42,42
2020-07-03,B,SO,20,20,20
2020-07-04,A,PE,40,40,35
2020-07-04,A,PR,90,90,83
2020-07-04,A,SO,19,19,16
2020-07-04,B,,30,30,30
2020-07-04,B,SO,20,20,20
2020-07-05,A,PE,30,30,28
2020-07-05,A,PR,94,94,87
2020-07-05,A,SO,22,22,22
2020-07-05,B,,39,39,39
2020-07-05,B,SO,16,16,16
2020-07-06,A,PE,23,23,19
2020-07-06,A,PR,92,92,85
2020-07-06,A,SO,14,14,11
2020-07-06,B,,30,30,30
2020-07-06,B,SO,7,7,7
2020-07-07,A,PE,38,38,35
2020-07-07,A,PR,99,99,93
2020-07-07,A,SO,33,33,26
2020-07-07,B,,47,47,47
2020-07-07,B,SO,10,10,10
2020-07-08,A,PE,18,18,18
2020-07-08,A,PR,95,95,88
2020-07-08,A,SO,27,27,21
2020-07-08,B,,33,33,33
2020-07-08,B,SO,9,9,9
2020-07-09,A,PE,36,36,27
2020-07-09,A,PR,93,93,84
2020-07-09,A,SO,22,22,18
2020-07-09,B,,37,37,37
2020-07-09,B,SO,19,19,19
2020-07-10,A,PE,34,34,31
2020-07-10,A,PR,124,124,119
2020-07-10,A,SO,21,21,16
2020-07-10,B,,35,35,35
2020-07-10,B,SO,15,15,14
2020-07-11,A,PE,40,40,36
2020-07-11,A,PR,90,90,85
2020-07-11,A,SO,20,20,15
2020-07-11,B,,35,35,35
2020-07-11,B,SO,17,17,16
2020-07-12,A,PE,34,34,31
2020-07-12,A,PR,94,94,90
2020-07-12,A,SO,20,20,16
2020-07-12,B,,36,36,36
2020-07-12,B,SO,13,13,13
2020-07-13,A,PE,24,24,22
2020-07-13,A,PR,118,118,113
2020-07-13,A,SO,21,21,16
2020-07-13,B,,38,38,38
2020-07-13,B,SO,8,8,8
2020-07-14,A,PE,32,32,31
2020-07-14,A,PR,78,78,72
2020-07-14,A,SO,21,21,17
2020-07-14,B,,38,38,38
2020-07-14,B,SO,11,11,11
2020-07-15,A,PE,27,27,27
2020-07-15,A,PR,106,106,101
2020-07-15,A,SO,28,28,21
2020-07-15,B,,48,48,48
2020-07-15,B,SO,12,12,12
2020-07-16,A,PE,40,40,32
2020-07-16,A,PR,114,114,107
2020-07-16,A,SO,36,36,29
2020-07-16,B,,48,48,48
2020-07-16,B,SO,19,19,19
2020-07-17,A,PE,36,36,31
2020-07-17,A,PR,106,106,102
2020-07-17,A,SO,17,17,15
2020-07-17,B,,43,43,43
2020-07-17,B,SO,12,12,12
2020-07-18,A,PE,47,47,43
2020-07-18,A,PR,106,106,100
2020-07-18,A,SO,30,30,21
2020-07-18,B,,35,35,35
2020-07-18,B,SO,11,11,11
2020-07-19,A,PE,26,26,25
2020-07-19,A,PR,88,88,79
2020-07-19,A,SO,23,23,15
2020-07-19,B,,37,37,37
2020-07-19,B,SO,9,9,9
2020-07-20,A,PE,40,40,37
2020-07-20,A,PR,93,93,90
2020-07-20,A,SO,23,23,19
2020-07-20,B,,46,46,46
2020-07-20,B,SO,7,7,7
2020-07-21,A,PE,32,32,31
2020-07-21,A,PR,83,83,75
2020-07-21,A,SO,27,27,23
2020-07-21,B,,41,41,41
2020-07-21,B,SO,11,11,11
2020-07-22,A,PE,29,29,29
2020-07-22,A,PR,117,117,106
2020-07-22,A,SO,35,35,25
2020-07-22,B,,41,41,41
2020-07-22,B,SO,6,6,6
2020-07-23,A,PE,33,33,30
2020-07-23,A,PR,109,109,99
2020-07-23,A,SO,33,33,28
2020-07-23,B,,36,36,36
2020-07-23,B,SO,12,12,12
2020-07-24,A,PE,39,39,35
2020-07-24,A,PR,112,112,104
2020-07-24,A,SO,24,24,17
2020-07-24,B,,59,59,59
2020-07-24,B,SO,12,12,12
2020-07-25,A,PE,49,49,46
2020-07-25,A,PR,102,102,98
2020-07-25,A,SO,21,21,17
2020-07-25,B,,32,32,32
2020-07-25,B,SO,13,13,13
2020-07-26,A,PE,41,41,35
2020-07-26,A,PR,73,73,70
2020-07-26,A,SO,31,31,23
2020-07-26,B,,36,36,36
2020-07-26,B,SO,19,19,19
2020-07-27,A,PE,35,35,31
2020-07-27,A,PR,102,102,96
2020-07-27,A,SO,23,23,16
2020-07-27,B,,44,44,44
2020-07-27,B,SO,13,13,13
2020-07-28,A,PE,33,33,29
2020-07-28,A,PR,114,114,107
2020-07-28,A,SO,35,35,24
2020-07-28,B,,36,36,36
2020-07-28,B,SO,7,7,7
2020-07-29,A,PE,19,19,18
2020-07-29,A,PR,99,99,93
2020-07-29,A,SO,29,29,24
2020-07-29,B,,44,44,44
2020-07-29,B,SO,11,11,11
2020-07-30,A,PE,31,31,28
2020-07-30,A,PR,90,90,80
2020-07-30,A,SO,41,41,31
2020-07-30,B,,61,61,61
2020-07-30,B,SO,15,15,15
2020-07-31,A,PE,31,31,26
2020-07-31,A,PR,99,99,87
2020-07-31,A,SO,32,32,24
2020-07-31,B,,41,41,41
2020-07-31,B,SO,10,10,9
2020-08-01,A,PE,45,45,43
2020-08-01,A,PR,124,124,116
2020-08-01,A,SO,26,26,22
2020-08-01,B,,33,33,33
2020-08-01,B,SO,22,22,20
2020-08-02,A,PE,33,33,31
2020-08-02,A,PR,96,96,86
2020-08-02,A,SO,24,24,20
2020-08-02,B,,46,46,46
2020-08-02,B,SO,11,11,11
2020-08-03,A,PE,26,26,24
2020-08-03,A,PR,92,92,88
2020-08-03,A,SO,29,29,22
2020-08-03,B,,46,46,46
2020-08-03,B,SO,12,12,12
2020-08-04,A,PE,36,36,32
2020-08-04,A,PR,71,71,65
2020-08-04,A,SO,34,34,28
2020-08-04,B,,46,46,46
2020-08-04,B,SO,9,9,9
2020-08-05,A,PE,33,33,28
2020-08-05,A,PR,108,108,102
2020-08-05,A,SO,45,45,34
2020-08-05,B,,48,48,48
2020-08-05,B,SO,12,12,12
2020-08-06,A,PE,30,30,28
2020-08-06,A,PR,110,110,103
2020-08-06,A,SO,38,38,27
2020-08-06,B,,50,50,50
2020-08-06,B,SO,20,20,20
2020-08-07,A,PE,32,32,31
2020-08-07,A,PR,102,102,94
2020-08-07,A,SO,51,51,37
2020-08-07,B,,41,41,41
2020-08-07,B,SO,12,12,12
2020-08-08,A,PE,47,47,44
2020-08-08,A,PR,89,89,85
2020-08-08,A,SO,34,34,26
2020-08-08,B,,36,36,36
2020-08-08,B,SO,19,19,19
2020-08-09,A,PE,50,50,45
2020-08-09,A,PR,98,98,89
2020-08-09,A,SO,34,34,25
2020-08-09,B,,41,41,41
2020-08-09,B,SO,15,15,15
2020-08-10,A,PE,20,20,18
2020-08-10,A,PR,120,120,113
2020-08-10,A,SO,34,34,26
2020-08-10,B,,54,54,54
2020-08-10,B,SO,7,7,7
2020-08-11,A,PE,23,23,22
2020-08-11,A,PR,91,91,85
2020-08-11,A,SO,42,42,36
2020-08-11,B,,50,50,50
2020-08-11,B,SO,12,12,12
2020-08-12,A,PE,35,35,31
2020-08-12,A,PR,99,99,94
2020-08-12,A,SO,28,28,23
2020-08-12,B,,47,47,47
2020-08-12,B,SO,12,12,12
2020-08-13,A,PE,29,29,28
2020-08-13,A,PR,107,107,102
2020-08-13,A,SO,39,39,34
2020-08-13,B,,49,49,49
2020-08-13,B,SO,12,12,12
2020-08-14,A,PE,38,38,37
2020-08-14,A,PR,88,88,84
2020-08-14,A,SO,50,50,37
2020-08-14,B,,45,45,45
2020-08-14,B,SO,15,15,15
2020-08-15,A,PE,43,43,37
2020-08-15,A,PR,94,94,87
2020-08-15,A,SO,39,39,26
2020-08-15,B,,51,51,51
2020-08-15,B,SO,21,21,21
2020-08-16,A,PE,55,55,44
2020-08-16,A,PR,80,80,78
2020-08-16,A,SO,29,29,21
2020-08-16,B,,44,44,44
2020-08-16,B,SO,14,14,14
2020-08-17,A,PE,32,32,31
2020-08-17,A,PR,98,98,95
2020-08-17,A,SO,35,35,28
2020-08-17,B,,57,57,57
2020-08-17,B,SO,9,9,8
2020-08-18,A,PE,19,19,17
2020-08-18,A,PR,85,85,81
2020-08-18,A,SO,33,33,26
2020-08-18,B,,54,54,54
2020-08-18,B,SO,11,11,11
2020-08-19,A,PE,40,40,35
2020-08-19,A,PR,113,113,107
2020-08-19,A,SO,24,24,21
2020-08-19,B,,53,53,53
2020-08-19,B,SO,12,12,12
2020-08-20,A,PE,50,50,46
2020-08-20,A,PR,86,86,81
2020-08-20,A,SO,38,38,28
2020-08-20,B,,72,72,72
2020-08-20,B,SO,14,14,14
2020-08-21,A,PE,44,44,43
2020-08-21,A,PR,105,105,103
2020-08-21,A,SO,48,48,38
2020-08-21,B,,58,58,58
2020-08-21,B,SO,19,19,18
2020-08-22,A,PE,33,33,31
2020-08-22,A,PR,93,93,89
2020-08-22,A,SO,39,39,31
2020-08-22,B,,40,40,40
2020-08-22,B,SO,24,24,23
2020-08-23,A,PE,42,42,40
2020-08-23,A,PR,76,76,70
2020-08-23,A,SO,33,33,23
2020-08-23,B,,39,39,39
2020-08-23,B,SO,14,14,14
2020-08-24,A,PE,27,27,22
2020-08-24,A,PR,114,114,105
2020-08-24,A,SO,40,40,30
2020-08-24,B,,51,51,51
2020-08-24,B,SO,10,10,10
2020-08-25,A,PE,40,40,33
2020-08-25,A,PR,101,101,97
2020-08-25,A,SO,44,44,29
2020-08-25,B,,62,62,62
2020-08-25,B,SO,9,9,9
2020-08-26,A,PE,33,33,28
2020-08-26,A,PR,107,107,104
2020-08-26,A,SO,37,37,28
2020-08-26,B,,60,60,60
2020-08-26,B,SO,21,21,19
2020-08-27,A,PE,39,39,36
2020-08-27,A,PR,97,97,95
2020-08-27,A,SO,49,49,40
2020-08-27,B,,44,44,44
2020-08-27,B,SO,11,11,11
2020-08-28,A,PE,44,44,37
2020-08-28,A,PR,87,87,87
2020-08-28,A,SO,26,26,20
2020-08-28,B,,49,49,49
2020-08-28,B,SO,14,14,14
2020-08-29,A,PE,40,40,34
2020-08-29,A,PR,104,104,101
2020-08-29,A,SO,23,23,16
2020-08-29,B,,23,23,23
2020-08-29,B,SO,9,9,9
2020-08-30,A,PE,30,30,24
2020-08-30,A,PR,81,81,78
2020-08-30,A,SO,6,6,5
2020-08-30,B,,37,37,37
2020-08-30,B,SO,12,12,12
2020-08-31,A,PE,35,35,33
2020-08-31,A,PR,110,110,104
2020-08-31,A,SO,32,32,23
2020-08-31,B,,54,54,54
2020-08-31,B,SO,9,9,9
2020-09-01,A,PE,52,52,45
2020-09-01,A,PR,129,129,122
2020-09-01,A,SO,39,39,28
2020-09-01,B,,56,56,56
2020-09-01,B,SO,13,13,13
2020-09-02,A,PE,39,39,35
2020-09-02,A,PR,97,97,97
2020-09-02,A,SO,24,24,20
2020-09-02,B,,52,52,52
2020-09-02,B,SO,22,22,22
2020-09-03,A,PE,41,41,36
2020-09-03,A,PR,107,107,99
2020-09-03,A,SO,41,41,30
2020-09-03,B,,46,46,46
2020-09-03,B,SO,15,15,15
2020-09-04,A,PE,42,42,39
2020-09-04,A,PR,123,123,113
2020-09-04,A,SO,42,42,30
2020-09-04,B,,47,47,47
2020-09-04,B,SO,18,18,18
2020-09-05,A,PE,45,45,44
2020-09-05,A,PR,112,112,106
2020-09-05,A,SO,33,33,23
2020-09-05,B,,34,34,34
2020-09-05,B,SO,15,15,15
2020-09-06,A,PE,49,49,39
2020-09-06,A,PR,118,118,117
2020-09-06,A,SO,29,29,21
2020-09-06,B,,44,44,44
2020-09-06,B,SO,20,20,20
2020-09-07,A,PE,33,33,29
2020-09-07,A,PR,116,116,104
2020-09-07,A,SO,33,33,26
2020-09-07,B,,46,46,46
2020-09-07,B,SO,19,19,18
2020-09-08,A,PE,43,43,39
2020-09-08,A,PR,91,91,82
2020-09-08,A,SO,50,50,36
2020-09-08,B,,66,66,66
2020-09-08,B,SO,10,10,10
2020-09-09,A,PE,36,36,35
2020-09-09,A,PR,83,83,80
2020-09-09,A,SO,50,50,37
2020-09-09,B,,55,55,55
2020-09-09,B,SO,12,12,12
2020-09-10,A,PE,43,43,36
2020-09-10,A,PR,101,101,97
2020-09-10,A,SO,48,48,35
2020-09-10,B,,53,53,53
2020-09-10,B,SO,6,6,6
2020-09-11,A,PE,28,28,25
2020-09-11,A,PR,118,118,113
2020-09-11,A,SO,40,40,31
2020-09-11,B,,42,42,42
2020-09-11,B,SO,8,8,8
2020-09-12,A,PE,32,32,30
2020-09-12,A,PR,97,97,87
2020-09-12,A,SO,44,44,31
2020-09-12,B,,35,35,35
2020-09-12,B,SO,12,12,12
2020-09-13,A,PE,33,33,30
2020-09-13,A,PR,95,95,91
2020-09-13,A,SO,18,18,14
2020-09-13,B,,52,52,52
2020-09-13,B,SO,11,11,11
2020-09-14,A,PE,38,38,32
2020-09-14,A,PR,111,111,105
2020-09-14,A,SO,33,33,25
2020-09-14,B,,48,48,48
2020-09-14,B,SO,9,9,9
2020-09-15,A,PE,25,25,24
2020-09-15,A,PR,108,108,103
2020-09-15,A,SO,31,31,22
2020-09-15,B,,44,44,44
2020-09-15,B,SO,9,9,9
2020-09-16,A,PE,27,27,27
2020-09-16,A,PR,105,105,102
2020-09-16,A,SO,41,41,26
2020-09-16,B,,51,51,51
2020-09-16,B,SO,6,6,6
2020-09-17,A,PE,34,34,30
2020-09-17,A,PR,127,127,119
2020-09-17,A,SO,46,46,33
2020-09-17,B,,57,57,57
2020-09-17,B,SO,12,12,12
2020-09-18,A,PE,35,35,34
2020-09-18,A,PR,108,108,101
2020-09-18,A,SO,42,42,29
2020-09-18,B,,42,42,42
2020-09-18,B,SO,19,19,17
2020-09-19,A,PE,51,51,46
2020-09-19,A,PR,116,116,107
2020-09-19,A,SO,21,21,16
2020-09-19,B,,40,40,40
2020-09-19,B,SO,16,16,16
2020-09-20,A,PE,36,36,35
2020-09-20,A,PR,104,104,99
2020-09-20,A,SO,17,17,13
2020-09-20,B,,41,41,41
2020-09-20,B,SO,16,16,16
2020-09-21,A,PE,36,36,33
2020-09-21,A,PR,125,125,117
2020-09-21,A,SO,40,40,31
2020-09-21,B,,47,47,47
2020-09-21,B,SO,6,6,6
2020-09-22,A,PE,34,34,29
2020-09-22,A,PR,114,114,111
2020-09-22,A,SO,35,35,28
2020-09-22,B,,48,48,48
2020-09-22,B,SO,12,12,12
2020-09-23,A,PE,34,34,33
2020-09-23,A,PR,97,97,90
2020-09-23,A,SO,31,31,22
2020-09-23,B,,31,31,31
2020-09-23,B,SO,18,18,18
2020-09-24,A,PE,30,30,26
2020-09-24,A,PR,90,90,85
2020-09-24,A,SO,26,26,21
2020-09-24,B,,42,42,42
2020-09-24,B,SO,8,8,8
2020-09-25,A,PE,40,40,35
2020-09-25,A,PR,107,107,97
2020-09-25,A,SO,34,34,25
2020-09-25,B,,42,42,42
2020-09-25,B,SO,8,8,8
2020-09-26,A,PE,48,48,44
2020-09-26,A,PR,92,92,90
2020-09-26,A,SO,9,9,8
2020-09-26,B,,27,27,27
2020-09-26,B,SO,12,12,12
2020-09-27,A,PE,35,35,33
2020-09-27,A,PR,89,89,85
2020-09-27,A,SO,20,20,17
2020-09-27,B,,33,33,33
2020-09-27,B,SO,5,5,5
2020-09-28,A,PE,31,31,29
2020-09-28,A,PR,110,110,105
2020-09-28,A,SO,44,44,33
2020-09-28,B,,50,50,50
2020-09-28,B,SO,8,8,8
2020-09-29,A,PE,31,31,30
2020-09-29,A,PR,107,107,104
2020-09-29,A,SO,54,54,36
2020-09-29,B,,57,57,57
2020-09-29,B,SO,7,7,7
2020-09-30,A,PE,32,32,30
2020-09-30,A,PR,109,109,101
2020-09-30,A,SO,32,32,26
2020-09-30,B,,61,61,61
2020-09-30,B,SO,15,15,15
2020-10-01,A,PE,49,49,46
2020-10-01,A,PR,157,157,148
2020-10-01,A,SO,47,47,40
2020-10-01,B,,61,61,61
2020-10-01,B,SO,10,10,10
2020-10-02,A,PE,37,37,27
2020-10-02,A,PR,111,111,102
2020-10-02,A,SO,49,49,36
2020-10-02,B,,56,56,56
2020-10-02,B,SO,9,9,9
2020-10-03,A,PE,42,42,36
2020-10-03,A,PR,93,93,88
2020-10-03,A,SO,28,28,22
2020-10-03,B,,42,42,42
2020-10-03,B,SO,22,22,22
2020-10-04,A,PE,31,31,26
2020-10-04,A,PR,130,130,123
2020-10-04,A,SO,24,24,21
2020-10-04,B,,41,41,41
2020-10-04,B,SO,12,12,12
2020-10-05,A,PE,25,25,22
2020-10-05,A,PR,105,105,101
2020-10-05,A,SO,40,40,30
2020-10-05,B,,54,54,54
2020-10-05,B,SO,9,9,9
2020-10-06,A,PE,31,31,26
2020-10-06,A,PR,114,114,111
2020-10-06,A,SO,34,34,28
2020-10-06,B,,54,54,54
2020-10-06,B,SO,13,13,13
2020-10-07,A,PE,40,40,37
2020-10-07,A,PR,101,101,93
2020-10-07,A,SO,40,40,30
2020-10-07,B,,53,53,53
2020-10-07,B,SO,8,8,7
2020-10-08,A,PE,41,41,33
2020-10-08,A,PR,101,101,90
2020-10-08,A,SO,36,36,29
2020-10-08,B,,52,52,52
2020-10-08,B,SO,13,13,13
2020-10-09,A,PE,31,31,28
2020-10-09,A,PR,126,126,120
2020-10-09,A,SO,45,45,34
2020-10-09,B,,40,40,40
2020-10-09,B,SO,15,15,15
2020-10-10,A,PE,40,40,39
2020-10-10,A,PR,95,95,91
2020-10-10,A,SO,26,26,18
2020-10-10,B,,36,36,36
2020-10-10,B,SO,23,23,23
2020-10-11,A,PE,37,37,31
2020-10-11,A,PR,105,105,97
2020-10-11,A,SO,22,22,18
2020-10-11,B,,39,39,39
2020-10-11,B,SO,14,14,14
2020-10-12,A,PE,35,35,32
2020-10-12,A,PR,103,103,94
2020-10-12,A,SO,32,32,24
2020-10-12,B,,58,58,58
2020-10-12,B,SO,7,7,7
2020-10-13,A,PE,28,28,28
2020-10-13,A,PR,113,113,106
2020-10-13,A,SO,39,39,26
2020-10-13,B,,55,55,55
2020-10-13,B,SO,9,9,8
2020-10-14,A,PE,26,26,24
2020-10-14,A,PR,126,126,119
2020-10-14,A,SO,29,29,24
2020-10-14,B,,54,54,54
2020-10-14,B,SO,5,5,5
2020-10-15,A,PE,38,38,31
2020-10-15,A,PR,134,134,121
2020-10-15,A,SO,57,57,43
2020-10-15,B,,63,63,63
2020-10-15,B,SO,18,18,18
2020-10-16,A,PE,30,30,29
2020-10-16,A,PR,117,117,111
2020-10-16,A,SO,35,35,28
2020-10-16,B,,38,38,38
2020-10-16,B,SO,14,14,14
2020-10-17,A,PE,37,37,32
2020-10-17,A,PR,100,100,91
2020-10-17,A,SO,26,26,21
2020-10-17,B,,37,37,37
2020-10-17,B,SO,14,14,14
2020-10-18,A,PE,44,44,38
2020-10-18,A,PR,109,109,99
2020-10-18,A,SO,15,15,12
2020-10-18,B,,46,46,46
2020-10-18,B,SO,11,11,11
2020-10-19,A,PE,31,31,29
2020-10-19,A,PR,127,127,121
2020-10-19,A,SO,29,29,23
2020-10-19,B,,42,42,42
2020-10-19,B,SO,6,6,6
2020-10-20,A,PE,33,33,30
2020-10-20,A,PR,114,114,109
2020-10-20,A,SO,35,35,27
2020-10-20,B,,55,55,55
2020-10-20,B,SO,5,5,5
2020-10-21,A,PE,40,40,37
2020-10-21,A,PR,114,114,103
2020-10-21,A,SO,47,47,34
2020-10-21,B,,59,59,59
2020-10-21,B,SO,9,9,9
2020-10-22,A,PE,44,44,41
2020-10-22,A,PR,112,112,109
2020-10-22,A,SO,35,35,24
2020-10-22,B,,44,44,44
2020-10-22,B,SO,16,16,16
2020-10-23,A,PE,38,38,38
2020-10-23,A,PR,126,126,123
2020-10-23,A,SO,38,38,31
2020-10-23,B,,44,44,44
2020-10-23,B,SO,22,22,22
2020-10-24,A,PE,35,35,33
2020-10-24,A,PR,123,123,118
2020-10-24,A,SO,20,20,17
2020-10-24,B,,42,42,42
2020-10-24,B,SO,24,24,23
2020-10-25,A,PE,37,37,32
2020-10-25,A,PR,95,95,90
2020-10-25,A,SO,20,20,17
2020-10-25,B,,40,40,40
2020-10-25,B,SO,14,14,14
2020-10-26,A,PE,20,20,20
2020-10-26,A,PR,119,119,111
2020-10-26,A,SO,28,28,20
2020-10-26,B,,42,42,42
2020-10-26,B,SO,8,8,8
2020-10-27,A,PE,24,24,22
2020-10-27,A,PR,109,109,104
2020-10-27,A,SO,29,29,23
2020-10-27,B,,53,53,53
2020-10-27,B,SO,12,12,12
2020-10-28,A,PE,29,29,27
2020-10-28,A,PR,124,124,117
2020-10-28,A,SO,35,35,27
2020-10-28,B,,43,43,43
2020-10-28,B,SO,14,14,14
2020-10-29,A,PE,37,37,34
2020-10-29,A,PR,119,119,108
2020-10-29,A,SO,52,52,41
2020-10-29,B,,68,68,68
2020-10-29,B,SO,17,17,17
2020-10-30,A,PE,26,26,25
2020-10-30,A,PR,123,123,116
2020-10-30,A,SO,35,35,26
2020-10-30,B,,42,42,42
2020-10-30,B,SO,13,13,13
2020-10-31,A,PE,54,54,48
2020-10-31,A,PR,124,124,113
2020-10-31,A,SO,19,19,15
2020-10-31,B,,33,33,33
2020-10-31,B,SO,23,23,23
2020-11-01,A,PE,57,57,50
2020-11-01,A,PR,140,140,132
2020-11-01,A,SO,25,25,18
2020-11-01,B,,42,42,42
2020-11-01,B,SO,17,17,17
2020-11-02,A,PE,27,27,25
2020-11-02,A,PR,139,139,116
2020-11-02,A,SO,38,38,25
2020-11-02,B,,56,56,56
2020-11-02,B,SO,11,11,11
2020-11-03,A,PE,30,30,28
2020-11-03,A,PR,112,112,106
2020-11-03,A,SO,40,40,28
2020-11-03,B,,35,35,35
2020-11-03,B,SO,7,7,7
2020-11-04,A,PE,38,38,35
2020-11-04,A,PR,105,105,97
2020-11-04,A,SO,12,12,10
2020-11-04,B,,43,43,43
2020-11-04,B,SO,10,10,10
2020-11-05,A,PE,30,30,26
2020-11-05,A,PR,112,112,104
2020-11-05,A,SO,32,32,23
2020-11-05,B,,46,46,46
2020-11-05,B,SO,7,7,7
2020-11-06,A,PE,24,24,22
2020-11-06,A,PR,129,129,123
2020-11-06,A,SO,27,27,22
2020-11-06,B,,53,53,53
2020-11-06,B,SO,7,7,7
2020-11-07,A,PE,27,27,27
2020-11-07,A,PR,120,120,112
2020-11-07,A,SO,24,24,18
2020-11-07,B,,42,42,42
2020-11-07,B,SO,16,16,15
2020-11-08,A,PE,32,32,29
2020-11-08,A,PR,103,103,96
2020-11-08,A,SO,20,20,15
2020-11-08,B,,57,57,57
2020-11-08,B,SO,10,10,10
2020-11-09,A,PE,34,34,31
2020-11-09,A,PR,106,106,99
2020-11-09,A,SO,40,40,28
2020-11-09,B,,39,39,39
2020-11-09,B,SO,11,11,11
2020-11-10,A,PE,40,40,36
2020-11-10,A,PR,94,94,86
2020-11-10,A,SO,31,31,27
2020-11-10,B,,48,48,48
2020-11-10,B,SO,12,12,12
2020-11-11,A,PE,22,22,20
2020-11-11,A,PR,126,126,122
2020-11-11,A,SO,25,25,20
2020-11-11,B,,39,39,39
2020-11-11,B,SO,6,6,6
2020-11-12,A,PE,34,34,29
2020-11-12,A,PR,101,101,98
2020-11-12,A,SO,48,48,39
2020-11-12,B,,48,48,48
2020-11-12,B,SO,14,14,13
2020-11-13,A,PE,27,27,26
2020-11-13,A,PR,110,110,107
2020-11-13,A,SO,36,36,27
2020-11-13,B,,40,40,40
2020-11-13,B,SO,24,24,23
2020-11-14,A,PE,29,29,28
2020-11-14,A,PR,97,97,95
2020-11-14,A,SO,26,26,20
2020-11-14,B,,49,49,49
2020-11-14,B,SO,11,11,11
2020-11-15,A,PE,35,35,34
2020-11-15,A,PR,101,101,95
2020-11-15,A,SO,34,34,23
2020-11-15,B,,32,32,32
2020-11-15,B,SO,11,11,11
2020-11-16,A,PE,34,34,31
2020-11-16,A,PR,109,109,107
2020-11-16,A,SO,37,37,25
2020-11-16,B,,52,52,52
2020-11-16,B,SO,16,16,16
2020-11-17,A,PE,33,33,30
2020-11-17,A,PR,124,124,114
2020-11-17,A,SO,31,31,22
2020-11-17,B,,55,55,55
2020-11-17,B,SO,10,10,10
2020-11-18,A,PE,23,23,23
2020-11-18,A,PR,102,102,101
2020-11-18,A,SO,41,41,34
2020-11-18,B,,41,41,41
2020-11-18,B,SO,8,8,8
2020-11-19,A,PE,32,32,30
2020-11-19,A,PR,136,136,131
2020-11-19,A,SO,50,50,38
2020-11-19,B,,39,39,39
2020-11-19,B,SO,10,10,10
2020-11-20,A,PE,32,32,30
2020-11-20,A,PR,123,123,118
2020-11-20,A,SO,33,33,27
2020-11-20,B,,59,59,59
2020-11-20,B,SO,19,19,19
2020-11-21,A,PE,44,44,40
2020-11-21,A,PR,119,119,110
2020-11-21,A,SO,41,41,34
2020-11-21,B,,51,51,51
2020-11-21,B,SO,23,23,23
2020-11-22,A,PE,31,31,27
2020-11-22,A,PR,104,104,97
2020-11-22,A,SO,21,21,17
2020-11-22,B,,27,27,27
2020-11-22,B,SO,8,8,8
2020-11-23,A,PE,26,26,26
2020-11-23,A,PR,112,112,104
2020-11-23,A,SO,29,29,23
2020-11-23,B,,52,52,52
2020-11-23,B,SO,5,5,5
2020-11-24,A,PE,31,31,26
2020-11-24,A,PR,114,114,107
2020-11-24,A,SO,40,40,30
2020-11-24,B,,51,51,51
2020-11-24,B,SO,12,12,11
2020-11-25,A,PE,33,33,31
2020-11-25,A,PR,111,111,107
2020-11-25,A,SO,21,21,18
2020-11-25,B,,45,45,45
2020-11-25,B,SO,11,11,11
2020-11-26,A,PE,42,42,33
2020-11-26,A,PR,89,89,88
2020-11-26,A,SO,15,15,12
2020-11-26,B,,35,35,35
2020-11-26,B,SO,9,9,9
2020-11-27,A,PE,22,22,21
2020-11-27,A,PR,127,127,119
2020-11-27,A,SO,16,16,14
2020-11-27,B,,29,29,29
2020-11-27,B,SO,11,11,11
2020-11-28,A,PE,27,27,25
2020-11-28,A,PR,112,112,109
2020-11-28,A,SO,28,28,20
2020-11-28,B,,28,28,28
2020-11-28,B,SO,14,14,14
2020-11-29,A,PE,25,25,22
2020-11-29,A,PR,84,84,80
2020-11-29,A,SO,32,32,26
2020-11-29,B,,31,31,31
2020-11-29,B,SO,10,10,10
2020-11-30,A,PE,32,32,31
2020-11-30,A,PR,100,100,96
2020-11-30,A,SO,46,46,39
2020-11-30,B,,53,53,53
2020-11-30,B,SO,8,8,8
2020-12-01,A,PE,37,37,34
2020-12-01,A,PR,153,153,146
2020-12-01,A,SO,31,31,23
2020-12-01,B,,41,41,41
2020-12-01,B,SO,6,6,6
2020-12-02,A,PE,26,26,25
2020-12-02,A,PR,107,107,102
2020-12-02,A,SO,42,42,32
2020-12-02,B,,48,48,48
2020-12-02,B,SO,19,19,17
2020-12-03,A,PE,38,38,34
2020-12-03,A,PR,115,115,112
2020-12-03,A,SO,43,43,34
2020-12-03,B,,54,54,54
2020-12-03,B,SO,15,15,14
2020-12-04,A,PE,28,28,24
2020-12-04,A,PR,113,113,105
2020-12-04,A,SO,26,26,22
2020-12-04,B,,50,50,50
2020-12-04,B,SO,19,19,19
2020-12-05,A,PE,44,44,36
2020-12-05,A,PR,142,142,131
2020-12-05,A,SO,25,25,17
2020-12-05,B,,45,45,45
2020-12-05,B,SO,12,12,12
2020-12-06,A,PE,27,27,25
2020-12-06,A,PR,103,103,97
2020-12-06,A,SO,24,24,16
2020-12-06,B,,36,36,36
2020-12-06,B,SO,11,11,11
2020-12-07,A,PE,24,24,23
2020-12-07,A,PR,130,130,124
2020-12-07,A,SO,15,15,13
2020-12-07,B,,33,33,33
2020-12-07,B,SO,6,6,6
2020-12-08,A,PE,32,32,28
2020-12-08,A,PR,116,116,111
2020-12-08,A,SO,30,30,22
2020-12-08,B,,49,49,49
2020-12-08,B,SO,6,6,6
2020-12-09,A,PE,21,21,20
2020-12-09,A,PR,116,116,111
2020-12-09,A,SO,20,20,15
2020-12-09,B,,45,45,45
2020-12-09,B,SO,7,7,7
2020-12-10,A,PE,32,32,27
2020-12-10,A,PR,117,117,113
2020-12-10,A,SO,32,32,26
2020-12-10,B,,64,64,64
2020-12-10,B,SO,10,10,10
2020-12-11,A,PE,33,33,30
2020-12-11,A,PR,123,123,115
2020-12-11,A,SO,25,25,20
2020-12-11,B,,36,36,36
2020-12-11,B,SO,14,14,14
2020-12-12,A,PE,60,60,42
2020-12-12,A,PR,105,105,96
2020-12-12,A,SO,21,21,17
2020-12-12,B,,37,37,37
2020-12-12,B,SO,8,8,8
2020-12-13,A,PE,31,31,29
2020-12-13,A,PR,112,112,104
2020-12-13,A,SO,23,23,17
2020-12-13,B,,41,41,41
2020-12-13,B,SO,10,10,10
2020-12-14,A,PE,39,39,36
2020-12-14,A,PR,109,109,104
2020-12-14,A,SO,13,13,13
2020-12-14,B,,46,46,46
2020-12-14,B,SO,8,8,8
2020-12-15,A,PE,30,30,25
2020-12-15,A,PR,128,128,120
2020-12-15,A,SO,33,33,23
2020-12-15,B,,48,48,48
2020-12-15,B,SO,8,8,7
2020-12-16,A,PE,34,34,32
2020-12-16,A,PR,131,131,125
2020-12-16,A,SO,21,21,15
2020-12-16,B,,50,50,50
2020-12-16,B,SO,7,7,7
2020-12-17,A,PE,31,31,27
2020-12-17,A,PR,133,133,126
2020-12-17,A,SO,19,19,17
2020-12-17,B,,50,50,50
2020-12-17,B,SO,5,5,5
2020-12-18,A,PE,27,27,24
2020-12-18,A,PR,121,121,116
2020-12-18,A,SO,35,35,23
2020-12-18,B,,52,52,52
2020-12-18,B,SO,10,10,10
2020-12-19,A,PE,37,37,29
2020-12-19,A,PR,132,132,129
2020-12-19,A,SO,15,15,13
2020-12-19,B,,42,42,42
2020-12-19,B,SO,13,13,13
2020-12-20,A,PE,28,28,25
2020-12-20,A,PR,123,123,115
2020-12-20,A,SO,12,12,11
2020-12-20,B,,26,26,26
2020-12-20,B,SO,14,14,14
2020-12-21,A,PE,22,22,21
2020-12-21,A,PR,124,124,118
2020-12-21,A,SO,29,29,22
2020-12-21,B,,48,48,48
2020-12-21,B,SO,10,10,10
2020-12-22,A,PE,37,37,28
2020-12-22,A,PR,126,126,117
2020-12-22,A,SO,27,27,23
2020-12-22,B,,38,38,38
2020-12-22,B,SO,8,8,8
2020-12-23,A,PE,27,27,24
2020-12-23,A,PR,109,109,105
2020-12-23,A,SO,27,27,19
2020-12-23,B,,45,45,45
2020-12-23,B,SO,6,6,6
2020-12-24,A,PE,37,37,30
2020-12-24,A,PR,128,128,120
2020-12-24,A,SO,22,22,19
2020-12-24,B,,38,38,38
2020-12-24,B,SO,5,5,5
2020-12-25,A,PE,34,34,31
2020-12-25,A,PR,89,89,84
2020-12-25,A,SO,16,16,14
2020-12-25,B,,40,40,40
2020-12-25,B,SO,13,13,12
2020-12-26,A,PE,28,28,27
2020-12-26,A,PR,111,111,103
2020-12-26,A,SO,8,8,6
2020-12-26,B,,28,28,28
2020-12-26,B,SO,10,10,10
2020-12-27,A,PE,28,28,28
2020-12-27,A,PR,107,107,99
2020-12-27,A,SO,27,27,19
2020-12-27,B,,37,37,37
2020-12-27,B,SO,9,9,9
2020-12-28,A,PE,24,24,23
2020-12-28,A,PR,130,130,126
2020-12-28,A,SO,21,21,14
2020-12-28,B,,33,33,33
2020-12-28,B,SO,9,9,9
2020-12-29,A,PE,25,25,25
2020-12-29,A,PR,103,103,98
2020-12-29,A,SO,20,20,18
2020-12-29,B,,37,37,37
2020-12-29,B,SO,9,9,9
2020-12-30,A,PE,24,24,23
2020-12-30,A,PR,123,123,113
2020-12-30,A,SO,36,36,24
2020-12-30,B,,57,57,57
2020-12-30,B,SO,10,10,9
2020-12-31,A,PE,32,32,31
2020-12-31,A,PR,103,103,98
2020-12-31,A,SO,11,11,8
2020-12-31,B,,33,33,33
2020-12-31,B,SO,16,16,16
