outcome,temperature_f,reference_f,count_ratio,ci95_low,ci95_high,within_pooled_1_99pct,interval
all,50.4,70,0.9953902231922136,0.908416400645305,1.0906911144743934,True,pointwise nominal 95%; exploratory
all,50.996249999999996,70,0.9950843684962933,0.9116086872250603,1.086203888029871,True,pointwise nominal 95%; exploratory
all,51.5925,70,0.9947786077806965,0.914798855189972,1.0817508929791986,True,pointwise nominal 95%; exploratory
all,52.18875,70,0.9944729410165456,0.9179848972441422,1.0773340970892629,True,pointwise nominal 95%; exploratory
all,52.785,70,0.994167368174972,0.9211644089418243,1.0729558658039404,True,pointwise nominal 95%; exploratory
all,53.38125,70,0.9938618892271159,0.924334491168103,1.0686190597624838,True,pointwise nominal 95%; exploratory
all,53.9775,70,0.9935565041441267,0.9274916237214034,1.0643271612160845,True,pointwise nominal 95%; exploratory
all,54.57375,70,0.9932512128971623,0.9306315000897959,1.0600844392506517,True,pointwise nominal 95%; exploratory
all,55.17,70,0.9929460154573897,0.9337488097682459,1.0558961674686524,True,pointwise nominal 95%; exploratory
all,55.76625,70,0.9926410073324793,0.9368368712043381,1.051769203075188,True,pointwise nominal 95%; exploratory
all,56.3625,70,0.9923391486052658,0.939885245439926,1.0477204431416565,True,pointwise nominal 95%; exploratory
all,56.958749999999995,70,0.9920466885814191,0.9428803116076979,1.0437768401879992,True,pointwise nominal 95%; exploratory
all,57.555,70,0.9917700511262437,0.9458085152812589,1.039965086398543,True,pointwise nominal 95%; exploratory
all,58.15125,70,0.9915156535218862,0.9486568747815156,1.0363107223624461,True,pointwise nominal 95%; exploratory
all,58.7475,70,0.9912899077000509,0.9514134540608195,1.0328376973373752,True,pointwise nominal 95%; exploratory
all,59.34375,70,0.9910992218897872,0.9540679959394599,1.029567779037912,True,pointwise nominal 95%; exploratory
all,59.94,70,0.9909500026800616,0.9566127434008851,1.026519785133259,True,pointwise nominal 95%; exploratory
all,60.0,70,0.9909375316610202,0.95686253728515,1.0262259764505828,True,pointwise nominal 95%; exploratory
all,60.536249999999995,70,0.9908486574971689,0.9590434601246254,1.0237086251923995,True,pointwise nominal 95%; exploratory
all,61.13249999999999,70,0.9908015974974465,0.9613606276059187,1.0211441756754633,True,pointwise nominal 95%; exploratory
all,61.72875,70,0.9908152408762428,0.9635707424698274,1.0188300643461972,True,pointwise nominal 95%; exploratory
all,62.324999999999996,70,0.990896016594657,0.9656875696454142,1.016762508461912,True,pointwise nominal 95%; exploratory
all,62.92125,70,0.9910503685261997,0.9677331441664851,1.0149294140399365,True,pointwise nominal 95%; exploratory
all,63.5175,70,0.9912847600262491,0.9697382885386057,1.0133099693744625,True,pointwise nominal 95%; exploratory
all,64.11375,70,0.9916056789279646,0.9717424557194352,1.0118749229230817,True,pointwise nominal 95%; exploratory
all,64.71,70,0.9920196429691968,0.9737928279382225,1.0105876155612477,True,pointwise nominal 95%; exploratory
all,65.30624999999999,70,0.9925332056558874,0.9759427646781909,1.0094056741681856,True,pointwise nominal 95%; exploratory
all,65.9025,70,0.9931529625684885,0.9782498289334013,1.0082831377890442,True,pointwise nominal 95%; exploratory
all,66.49875,70,0.9938846837123221,0.9807710230759676,1.0071736840469745,True,pointwise nominal 95%; exploratory
all,67.095,70,0.9947240955497674,0.9835309319358481,1.0060446439846615,True,pointwise nominal 95%; exploratory
all,67.69125,70,0.9956604616524436,0.9865255911177103,1.004879917787832,True,pointwise nominal 95%; exploratory
all,68.2875,70,0.996682928245532,0.9897415573038003,1.003672981219654,True,pointwise nominal 95%; exploratory
all,68.88374999999999,70,0.9977806202748343,0.9931582194141264,1.0024245349178373,True,pointwise nominal 95%; exploratory
all,69.47999999999999,70,0.9989426325007983,0.9967493884826696,1.0011407025257233,True,pointwise nominal 95%; exploratory
all,70.0,70,1.0,1.0,1.0,True,pointwise nominal 95%; exploratory
all,70.07625,70,1.000158021788489,0.9998316114329997,1.000484538705642,True,pointwise nominal 95%; exploratory
all,70.6725,70,1.001415800597293,0.9985102752500267,1.0043297806172382,True,pointwise nominal 95%; exploratory
all,71.26875,70,1.0027049316763497,0.9971917031894387,1.0082486414521157,True,pointwise nominal 95%; exploratory
all,71.865,70,1.0040143239735255,0.9958921720561958,1.012202717351145,True,pointwise nominal 95%; exploratory
all,72.46124999999999,70,1.0053328297672184,0.9946286065125622,1.0161522521974615,True,pointwise nominal 95%; exploratory
all,73.0575,70,1.0066492430313505,0.9934180205894136,1.0200566906309545,True,pointwise nominal 95%; exploratory
all,73.65375,70,1.0079522990446153,0.9922769772699305,1.0238752489698757,True,pointwise nominal 95%; exploratory
all,74.25,70,1.0092306752553588,0.9912210230209599,1.02756754772225,True,pointwise nominal 95%; exploratory
all,74.84625,70,1.0104729934133971,0.9902640500379933,1.0310943534491197,True,pointwise nominal 95%; exploratory
all,75.4425,70,1.0116682486983397,0.9894167461704284,1.0344201767210348,True,pointwise nominal 95%; exploratory
all,76.03875,70,1.0128124614876859,0.9886739729944275,1.0375402915057084,True,pointwise nominal 95%; exploratory
all,76.63499999999999,70,1.0139074699103383,0.9880184477394198,1.0404748614684884,True,pointwise nominal 95%; exploratory
all,77.23124999999999,70,1.0149553018518445,0.9874319794293771,1.0432457994245523,True,pointwise nominal 95%; exploratory
all,77.8275,70,1.0159580010327125,0.9868960277024176,1.045875787204627,True,pointwise nominal 95%; exploratory
all,78.42375,70,1.0169176260460835,0.9863919287585443,1.0483879967111345,True,pointwise nominal 95%; exploratory
all,79.02,70,1.0178362494353232,0.9859011425109034,1.0508057917714688,True,pointwise nominal 95%; exploratory
all,79.61625,70,1.0187159568122883,0.98540552972027,1.0531524020963983,True,pointwise nominal 95%; exploratory
all,80.0,70,1.0192625355799496,0.9850758332080808,1.0546356751576287,True,pointwise nominal 95%; exploratory
all,80.21249999999999,70,1.0195588460169644,0.9848876571715833,1.0554505713643507,True,pointwise nominal 95%; exploratory
all,80.80875,70,1.02036702631913,0.9843311210675602,1.0577221893280813,True,pointwise nominal 95%; exploratory
all,81.405,70,1.0211426176626412,0.9837208728387138,1.0599879238080094,True,pointwise nominal 95%; exploratory
all,82.00125,70,1.021887749952899,0.9830435277144735,1.0622668722835071,True,pointwise nominal 95%; exploratory
all,82.5975,70,1.0226045623880085,0.9822876351835798,1.0645762540025618,True,pointwise nominal 95%; exploratory
all,83.19375,70,1.023295202834102,0.9814438922182371,1.0669311617769406,True,pointwise nominal 95%; exploratory
all,83.78999999999999,70,1.0239618272452606,0.9805052846827135,1.0693443880771554,True,pointwise nominal 95%; exploratory
all,84.38624999999999,70,1.0246065991284292,0.9794671489597943,1.071826333422663,True,pointwise nominal 95%; exploratory
all,84.98249999999999,70,1.0252316890536914,0.9783271533395393,1.0743849975459987,True,pointwise nominal 95%; exploratory
all,85.57874999999999,70,1.0258392742102378,0.977085205816585,1.0770260467025536,True,pointwise nominal 95%; exploratory
all,86.175,70,1.026431538008332,0.9757433005232008,1.0797529449120709,True,pointwise nominal 95%; exploratory
all,86.77125,70,1.0270106697275552,0.974305318419049,1.0825671335200417,True,pointwise nominal 95%; exploratory
all,87.36749999999999,70,1.0275788642115893,0.972776798929585,1.0854682423925832,True,pointwise nominal 95%; exploratory
all,87.96375,70,1.0281383216097748,0.9711646982917347,1.0884543169885947,True,pointwise nominal 95%; exploratory
all,88.56,70,1.0286912471656642,0.9694771480212615,1.091522047894668,True,pointwise nominal 95%; exploratory
all,89.15625,70,1.0292398510527823,0.9677232238305967,1.0946669924918466,True,pointwise nominal 95%; exploratory
all,89.7525,70,1.0297863482577847,0.9659127320884953,1.097883781659217,True,pointwise nominal 95%; exploratory
all,90.0,70,1.0300130881059648,0.965146994322947,1.0992387355605133,True,pointwise nominal 95%; exploratory
all,90.34875,70,1.0303326696398603,0.9640553670444658,1.1011664333986715,True,pointwise nominal 95%; exploratory
all,90.945,70,1.0308792806684404,0.9621575945045108,1.1045093832666295,True,pointwise nominal 95%; exploratory
all,91.54124999999999,70,1.0314261816845411,0.96022427089959,1.1079078091493038,True,pointwise nominal 95%; exploratory
all,92.13749999999999,70,1.0319733728420069,0.9582596595452191,1.1113574819170955,True,pointwise nominal 95%; exploratory
all,92.73374999999999,70,1.032520854294763,0.9562675072711284,1.1148546891401574,True,pointwise nominal 95%; exploratory
all,93.32999999999998,70,1.0330686261968163,0.9542511115676968,1.118396167942494,True,pointwise nominal 95%; exploratory
all,93.92625,70,1.0336166887022562,0.9522133792628997,1.121979046325549,True,pointwise nominal 95%; exploratory
all,94.5225,70,1.0341650419652526,0.9501568775183302,1.1256007921727225,True,pointwise nominal 95%; exploratory
all,95.11874999999999,70,1.0347136861400588,0.9480838779887795,1.129259169090331,True,pointwise nominal 95%; exploratory
all,95.715,70,1.035262621381008,0.9459963949754151,1.1329521982549733,True,pointwise nominal 95%; exploratory
all,96.31125,70,1.0358118478425173,0.9438962183494181,1.1366781254904383,True,pointwise nominal 95%; exploratory
all,96.9075,70,1.036361365679084,0.9417849419509786,1.1404353928692583,True,pointwise nominal 95%; exploratory
all,97.50375,70,1.0369111750452884,0.9396639880903201,1.1442226142122351,True,pointwise nominal 95%; exploratory
all,98.1,70,1.0374612760957926,0.9375346286999412,1.1480385539367524,True,pointwise nominal 95%; exploratory
core,50.4,70,0.9503652278466103,0.8032180937086655,1.1244692735066002,True,pointwise nominal 95%; exploratory
core,50.996249999999996,70,0.9497595912970009,0.8080544812020645,1.11631492955619,True,pointwise nominal 95%; exploratory
core,51.5925,70,0.9491543406996755,0.8128848635894552,1.1082676069166288,True,pointwise nominal 95%; exploratory
core,52.18875,70,0.9485494758086793,0.8177040747088316,1.1003321811467093,True,pointwise nominal 95%; exploratory
core,52.785,70,0.9479449963782144,0.8225059996997214,1.0925144819448753,True,pointwise nominal 95%; exploratory
core,53.38125,70,0.9473409021626392,0.8272833703415529,1.0848214977895654,True,pointwise nominal 95%; exploratory
core,53.9775,70,0.9467371929164692,0.8320275100623267,1.077261630909552,True,pointwise nominal 95%; exploratory
core,54.57375,70,0.9461338683943757,0.836728015680674,1.069845015521191,True,pointwise nominal 95%; exploratory
core,55.17,70,0.9455309283511871,0.8413723601225574,1.0625839150913279,True,pointwise nominal 95%; exploratory
core,55.76625,70,0.9449288200683057,0.8459456217905498,1.055493937193937,True,pointwise nominal 95%; exploratory
core,56.3625,70,0.9443414045753521,0.8504370595921177,1.0486145662832005,True,pointwise nominal 95%; exploratory
core,56.958749999999995,70,0.9437979241901027,0.854843998042519,1.0420082772356807,True,pointwise nominal 95%; exploratory
core,57.555,70,0.9433284087803733,0.8591666522287041,1.0357344346452058,True,pointwise nominal 95%; exploratory
core,58.15125,70,0.9429628418995368,0.863408802843652,1.02984694883203,True,pointwise nominal 95%; exploratory
core,58.7475,70,0.9427311891153195,0.8675790567901551,1.0243932100193007,True,pointwise nominal 95%; exploratory
core,59.34375,70,0.9426634358839597,0.8716922734823577,1.0194129056606087,True,pointwise nominal 95%; exploratory
core,59.94,70,0.9427896349962519,0.8757710907161594,1.0149367857410196,True,pointwise nominal 95%; exploratory
core,60.0,70,0.9428142436039579,0.876180782134599,1.0145151732008093,True,pointwise nominal 95%; exploratory
core,60.536249999999995,70,0.9431399636600934,0.8798474389531123,1.0109854864283638,True,pointwise nominal 95%; exploratory
core,61.13249999999999,70,0.9437447903309184,0.8839638923715831,1.0075685635611389,True,pointwise nominal 95%; exploratory
core,61.72875,70,0.9446347514570027,0.8881746846796852,1.0046839085287016,True,pointwise nominal 95%; exploratory
core,62.324999999999996,70,0.9458408383713298,0.8925462332859385,1.0023177043024714,True,pointwise nominal 95%; exploratory
core,62.92125,70,0.9473944946358952,0.897157074920407,1.0004450207852753,True,pointwise nominal 95%; exploratory
core,63.5175,70,0.9493277242284766,0.9020972115941491,0.999031053866372,True,pointwise nominal 95%; exploratory
core,64.11375,70,0.9516732110566727,0.9074669733578011,0.9980329061362114,True,pointwise nominal 95%; exploratory
core,64.71,70,0.9544644503901917,0.9133755901654169,0.9974017226513175,True,pointwise nominal 95%; exploratory
core,65.30624999999999,70,0.9577358929209586,0.9199397001886573,0.9970849615480216,True,pointwise nominal 95%; exploratory
core,65.9025,70,0.9615231022927968,0.9272819901612471,0.9970286127114321,True,pointwise nominal 95%; exploratory
core,66.49875,70,0.9658581422747168,0.9355212747592094,0.997178766713219,True,pointwise nominal 95%; exploratory
core,67.095,70,0.9707189699414253,0.9446751709285598,0.9974807718063778,True,pointwise nominal 95%; exploratory
core,67.69125,70,0.9760480556050947,0.9546845125905794,0.9978896633248752,True,pointwise nominal 95%; exploratory
core,68.2875,70,0.9817865956706554,0.9654755924204215,0.9983731613785194,True,pointwise nominal 95%; exploratory
core,68.88374999999999,70,0.9878748101567604,0.9769629578785036,0.998908538622013,True,pointwise nominal 95%; exploratory
core,69.47999999999999,70,0.9942516981186923,0.9890505888132477,0.9994801584396594,True,pointwise nominal 95%; exploratory
core,70.0,70,1.0,1.0,1.0,True,pointwise nominal 95%; exploratory
core,70.07625,70,1.0008548305492209,1.00007757338741,1.0016326917928666,True,pointwise nominal 95%; exploratory
core,70.6725,70,1.0076201819681647,1.0006940264138395,1.0145942758827644,True,pointwise nominal 95%; exploratory
core,71.26875,70,1.014482002254179,1.0013252317230146,1.0278116443013359,True,pointwise nominal 95%; exploratory
core,71.865,70,1.0213727305450426,1.0019683378093278,1.0411529140550098,True,pointwise nominal 95%; exploratory
core,72.46124999999999,70,1.0282229532314016,1.0026209924207274,1.0544786609736743,True,pointwise nominal 95%; exploratory
core,73.0575,70,1.034961408188569,1.0032804387733416,1.0676427796691608,True,pointwise nominal 95%; exploratory
core,73.65375,70,1.041515037426095,1.0039425748207185,1.0804936461414565,True,pointwise nominal 95%; exploratory
core,74.25,70,1.0478090902795831,1.004600902824833,1.0928756748927224,True,pointwise nominal 95%; exploratory
core,74.84625,70,1.0537672791178765,1.0052452842783692,1.1046313729654833,True,pointwise nominal 95%; exploratory
core,75.4425,70,1.059314858861814,1.0058603842251623,1.1156100665698667,True,pointwise nominal 95%; exploratory
core,76.03875,70,1.0644239142105514,1.0064246888998865,1.1257655755462253,True,pointwise nominal 95%; exploratory
core,76.63499999999999,70,1.0691062077034557,1.0069133114570097,1.1351405035018893,True,pointwise nominal 95%; exploratory
core,77.23124999999999,70,1.0733755333185089,1.0072997848564809,1.1437856463862428,True,pointwise nominal 95%; exploratory
core,77.8275,70,1.0772464904900034,1.0075565069071812,1.1517567434854883,True,pointwise nominal 95%; exploratory
core,78.42375,70,1.0807344196664472,1.007655170366135,1.1591136732096363,True,pointwise nominal 95%; exploratory
core,79.02,70,1.083855338932123,1.0075672534440387,1.165919586723561,True,pointwise nominal 95%; exploratory
core,79.61625,70,1.0866258820344394,1.0072645934603996,1.1722399607542096,True,pointwise nominal 95%; exploratory
core,80.0,70,1.0882316901467464,1.0069435031252936,1.1760820818288638,True,pointwise nominal 95%; exploratory
core,80.21249999999999,70,1.0890632381326966,1.006720046772549,1.1781415701956752,True,pointwise nominal 95%; exploratory
core,80.80875,70,1.0911850935571719,1.0059082217956041,1.1836913970898189,True,pointwise nominal 95%; exploratory
core,81.405,70,1.0930095758408005,1.0048062571372864,1.188955506988308,True,pointwise nominal 95%; exploratory
core,82.00125,70,1.0945552002594607,1.003394604222262,1.193997935980178,True,pointwise nominal 95%; exploratory
core,82.5975,70,1.0958408190911826,1.0016577650027227,1.1988796400766382,True,pointwise nominal 95%; exploratory
core,83.19375,70,1.0968855737797252,0.9995849323400453,1.20365756129343,True,pointwise nominal 95%; exploratory
core,83.78999999999999,70,1.0977088501640913,0.9971704846399045,1.2083838604225283,True,pointwise nominal 95%; exploratory
core,84.38624999999999,70,1.098330236912836,0.9944142973024293,1.2131053551718276,True,pointwise nominal 95%; exploratory
core,84.98249999999999,70,1.0987694872806575,0.9913218499806984,1.2178631856066784,True,pointwise nominal 95%; exploratory
core,85.57874999999999,70,1.0990464842848044,0.9879041277676158,1.2226927094112956,True,pointwise nominal 95%; exploratory
core,86.175,70,1.0991812093804778,0.9841773329644019,1.2276236106921503,True,pointwise nominal 95%; exploratory
core,86.77125,70,1.0991937146976578,0.9801624390650656,1.2326801908297067,True,pointwise nominal 95%; exploratory
core,87.36749999999999,70,1.0991040988868033,0.975884628093911,1.2378818001768146,True,pointwise nominal 95%; exploratory
core,87.96375,70,1.0989324866076224,0.9713726558767362,1.2432433657828423,True,pointwise nominal 95%; exploratory
core,88.56,70,1.0986990116837068,0.966658187858527,1.2487759721447909,True,pointwise nominal 95%; exploratory
core,89.15625,70,1.0984238039362946,0.9617751421563562,1.2544874577947163,True,pointwise nominal 95%; exploratory
core,89.7525,70,1.0981269797026896,0.9567590684022261,1.2603829985795258,True,pointwise nominal 95%; exploratory
core,90.0,70,1.0980020470078804,0.9546463467083641,1.2628849409945924,True,pointwise nominal 95%; exploratory
core,90.34875,70,1.0978260272235174,0.951643641984366,1.2664635509319895,True,pointwise nominal 95%; exploratory
core,90.945,70,1.0975251555317904,0.946447564839045,1.2727186500077594,True,pointwise nominal 95%; exploratory
core,91.54124999999999,70,1.0972243662973673,0.9411833843967671,1.2791357454405936,True,pointwise nominal 95%; exploratory
core,92.13749999999999,70,1.096923659497651,0.9358621661475335,1.285703769518592,True,pointwise nominal 95%; exploratory
core,92.73374999999999,70,1.0966230351100488,0.930493667227263,1.2924129668904643,True,pointwise nominal 95%; exploratory
core,93.32999999999998,70,1.0963224931119737,0.9250864925472243,1.2992547384339819,True,pointwise nominal 95%; exploratory
core,93.92625,70,1.096022033480847,0.9196482347867938,1.306221501261279,True,pointwise nominal 95%; exploratory
core,94.5225,70,1.0957216561940948,0.9141855986760813,1.3133065644344444,True,pointwise nominal 95%; exploratory
core,95.11874999999999,70,1.09542136122915,0.9087045105499661,1.3205040194098863,True,pointwise nominal 95%; exploratory
core,95.715,70,1.0951211485634502,0.903210214435489,1.3278086439495074,True,pointwise nominal 95%; exploratory
core,96.31125,70,1.0948210181744422,0.8977073560379136,1.3352158181333869,True,pointwise nominal 95%; exploratory
core,96.9075,70,1.0945209700395746,0.8922000559846367,1.3427214511147711,True,pointwise nominal 95%; exploratory
core,97.50375,70,1.0942210041363079,0.8866919736165215,1.350321917327842,True,pointwise nominal 95%; exploratory
core,98.1,70,1.0939211204421042,0.8811863625130305,1.3580140009618145,True,pointwise nominal 95%; exploratory
