year,county,age_scope,demographic_cells,violent,property,f_drugoff,f_sexoff,f_allother,f_total,m_total,s_total,total_arrests_and_citations,unit,coverage_note
1980,San Diego County,All ages,48,5391,12428,5030,401,2904,26154,104020,4995,135169,DOJ arrest/citation occasions; highest-severity offense; county of reporting agency,No completeness guarantee; 2021 includes CIBRS transition
1980,San Diego County,Adult 18+,40,4468,8007,4583,318,2348,19724,91696,0,111420,DOJ arrest/citation occasions; highest-severity offense; county of reporting agency,No completeness guarantee; 2021 includes CIBRS transition
1980,San Diego County,Juvenile under 18,8,923,4421,447,83,556,6430,12324,4995,23749,DOJ arrest/citation occasions; highest-severity offense; county of reporting agency,No completeness guarantee; 2021 includes CIBRS transition
1981,San Diego County,All ages,47,5415,13058,5424,364,3197,27458,125136,3393,155987,DOJ arrest/citation occasions; highest-severity offense; county of reporting agency,No completeness guarantee; 2021 includes CIBRS transition
1981,San Diego County,Adult 18+,39,4514,8773,4945,267,2635,21134,112648,0,133782,DOJ arrest/citation occasions; highest-severity offense; county of reporting agency,No completeness guarantee; 2021 includes CIBRS transition
1981,San Diego County,Juvenile under 18,8,901,4285,479,97,562,6324,12488,3393,22205,DOJ arrest/citation occasions; highest-severity offense; county of reporting agency,No completeness guarantee; 2021 includes CIBRS transition
1982,San Diego County,All ages,48,4860,12583,4628,392,2724,25187,118157,2981,146325,DOJ arrest/citation occasions; highest-severity offense; county of reporting agency,No completeness guarantee; 2021 includes CIBRS transition
1982,San Diego County,Adult 18+,40,4096,8614,4267,313,2294,19584,107562,0,127146,DOJ arrest/citation occasions; highest-severity offense; county of reporting agency,No completeness guarantee; 2021 includes CIBRS transition
1982,San Diego County,Juvenile under 18,8,764,3969,361,79,430,5603,10595,2981,19179,DOJ arrest/citation occasions; highest-severity offense; county of reporting agency,No completeness guarantee; 2021 includes CIBRS transition
1983,San Diego County,All ages,47,3903,11078,4532,467,2965,22945,117122,2267,142334,DOJ arrest/citation occasions; highest-severity offense; county of reporting agency,No completeness guarantee; 2021 includes CIBRS transition
1983,San Diego County,Adult 18+,39,3275,8307,4271,387,2546,18786,107911,0,126697,DOJ arrest/citation occasions; highest-severity offense; county of reporting agency,No completeness guarantee; 2021 includes CIBRS transition
1983,San Diego County,Juvenile under 18,8,628,2771,261,80,419,4159,9211,2267,15637,DOJ arrest/citation occasions; highest-severity offense; county of reporting agency,No completeness guarantee; 2021 includes CIBRS transition
1984,San Diego County,All ages,48,4033,10779,5399,559,2489,23259,121157,3418,147834,DOJ arrest/citation occasions; highest-severity offense; county of reporting agency,No completeness guarantee; 2021 includes CIBRS transition
1984,San Diego County,Adult 18+,40,3379,7811,4913,442,2048,18593,111366,0,129959,DOJ arrest/citation occasions; highest-severity offense; county of reporting agency,No completeness guarantee; 2021 includes CIBRS transition
1984,San Diego County,Juvenile under 18,8,654,2968,486,117,441,4666,9791,3418,17875,DOJ arrest/citation occasions; highest-severity offense; county of reporting agency,No completeness guarantee; 2021 includes CIBRS transition
1985,San Diego County,All ages,48,4018,11776,6552,520,2460,25326,118609,3089,147024,DOJ arrest/citation occasions; highest-severity offense; county of reporting agency,No completeness guarantee; 2021 includes CIBRS transition
1985,San Diego County,Adult 18+,40,3346,8747,6073,419,2073,20658,108438,0,129096,DOJ arrest/citation occasions; highest-severity offense; county of reporting agency,No completeness guarantee; 2021 includes CIBRS transition
1985,San Diego County,Juvenile under 18,8,672,3029,479,101,387,4668,10171,3089,17928,DOJ arrest/citation occasions; highest-severity offense; county of reporting agency,No completeness guarantee; 2021 includes CIBRS transition
1986,San Diego County,All ages,48,5594,13900,9514,512,2599,32119,115061,2839,150019,DOJ arrest/citation occasions; highest-severity offense; county of reporting agency,No completeness guarantee; 2021 includes CIBRS transition
1986,San Diego County,Adult 18+,40,4904,10924,8860,402,2299,27389,106084,0,133473,DOJ arrest/citation occasions; highest-severity offense; county of reporting agency,No completeness guarantee; 2021 includes CIBRS transition
1986,San Diego County,Juvenile under 18,8,690,2976,654,110,300,4730,8977,2839,16546,DOJ arrest/citation occasions; highest-severity offense; county of reporting agency,No completeness guarantee; 2021 includes CIBRS transition
1987,San Diego County,All ages,48,6240,16040,11356,492,2820,36948,125701,2472,165121,DOJ arrest/citation occasions; highest-severity offense; county of reporting agency,No completeness guarantee; 2021 includes CIBRS transition
1987,San Diego County,Adult 18+,40,5606,12953,10706,396,2545,32206,116881,0,149087,DOJ arrest/citation occasions; highest-severity offense; county of reporting agency,No completeness guarantee; 2021 includes CIBRS transition
1987,San Diego County,Juvenile under 18,8,634,3087,650,96,275,4742,8820,2472,16034,DOJ arrest/citation occasions; highest-severity offense; county of reporting agency,No completeness guarantee; 2021 includes CIBRS transition
1988,San Diego County,All ages,48,6956,17488,12966,473,2868,40751,114952,2094,157797,DOJ arrest/citation occasions; highest-severity offense; county of reporting agency,No completeness guarantee; 2021 includes CIBRS transition
1988,San Diego County,Adult 18+,40,6271,14029,12210,387,2550,35447,106001,0,141448,DOJ arrest/citation occasions; highest-severity offense; county of reporting agency,No completeness guarantee; 2021 includes CIBRS transition
1988,San Diego County,Juvenile under 18,8,685,3459,756,86,318,5304,8951,2094,16349,DOJ arrest/citation occasions; highest-severity offense; county of reporting agency,No completeness guarantee; 2021 includes CIBRS transition
1989,San Diego County,All ages,48,7953,19588,13767,521,3100,44929,106474,2265,153668,DOJ arrest/citation occasions; highest-severity offense; county of reporting agency,No completeness guarantee; 2021 includes CIBRS transition
1989,San Diego County,Adult 18+,40,7038,15520,13127,397,2684,38766,97714,0,136480,DOJ arrest/citation occasions; highest-severity offense; county of reporting agency,No completeness guarantee; 2021 includes CIBRS transition
1989,San Diego County,Juvenile under 18,8,915,4068,640,124,416,6163,8760,2265,17188,DOJ arrest/citation occasions; highest-severity offense; county of reporting agency,No completeness guarantee; 2021 includes CIBRS transition
1990,San Diego County,All ages,48,9556,17539,12184,1126,3147,43552,113368,3104,160024,DOJ arrest/citation occasions; highest-severity offense; county of reporting agency,No completeness guarantee; 2021 includes CIBRS transition
1990,San Diego County,Adult 18+,40,8238,13763,11779,942,2673,37395,103965,0,141360,DOJ arrest/citation occasions; highest-severity offense; county of reporting agency,No completeness guarantee; 2021 includes CIBRS transition
1990,San Diego County,Juvenile under 18,8,1318,3776,405,184,474,6157,9403,3104,18664,DOJ arrest/citation occasions; highest-severity offense; county of reporting agency,No completeness guarantee; 2021 includes CIBRS transition
1991,San Diego County,All ages,48,11600,16311,10829,692,3088,42520,107234,3919,153673,DOJ arrest/citation occasions; highest-severity offense; county of reporting agency,No completeness guarantee; 2021 includes CIBRS transition
1991,San Diego County,Adult 18+,40,9994,12349,10395,539,2598,35875,97220,0,133095,DOJ arrest/citation occasions; highest-severity offense; county of reporting agency,No completeness guarantee; 2021 includes CIBRS transition
1991,San Diego County,Juvenile under 18,8,1606,3962,434,153,490,6645,10014,3919,20578,DOJ arrest/citation occasions; highest-severity offense; county of reporting agency,No completeness guarantee; 2021 includes CIBRS transition
1992,San Diego County,All ages,48,12213,15654,11483,549,3193,43092,87325,3938,134355,DOJ arrest/citation occasions; highest-severity offense; county of reporting agency,No completeness guarantee; 2021 includes CIBRS transition
1992,San Diego County,Adult 18+,40,10684,11741,11011,399,2696,36531,77576,0,114107,DOJ arrest/citation occasions; highest-severity offense; county of reporting agency,No completeness guarantee; 2021 includes CIBRS transition
1992,San Diego County,Juvenile under 18,8,1529,3913,472,150,497,6561,9749,3938,20248,DOJ arrest/citation occasions; highest-severity offense; county of reporting agency,No completeness guarantee; 2021 includes CIBRS transition
1993,San Diego County,All ages,48,11625,15132,11667,797,3410,42631,85379,3912,131922,DOJ arrest/citation occasions; highest-severity offense; county of reporting agency,No completeness guarantee; 2021 includes CIBRS transition
1993,San Diego County,Adult 18+,40,9999,11394,11181,635,2823,36032,74805,0,110837,DOJ arrest/citation occasions; highest-severity offense; county of reporting agency,No completeness guarantee; 2021 includes CIBRS transition
1993,San Diego County,Juvenile under 18,8,1626,3738,486,162,587,6599,10574,3912,21085,DOJ arrest/citation occasions; highest-severity offense; county of reporting agency,No completeness guarantee; 2021 includes CIBRS transition
1994,San Diego County,All ages,48,11711,14191,13116,626,3491,43135,83466,5922,132523,DOJ arrest/citation occasions; highest-severity offense; county of reporting agency,No completeness guarantee; 2021 includes CIBRS transition
1994,San Diego County,Adult 18+,40,10094,10999,12499,505,2872,36969,72904,0,109873,DOJ arrest/citation occasions; highest-severity offense; county of reporting agency,No completeness guarantee; 2021 includes CIBRS transition
1994,San Diego County,Juvenile under 18,8,1617,3192,617,121,619,6166,10562,5922,22650,DOJ arrest/citation occasions; highest-severity offense; county of reporting agency,No completeness guarantee; 2021 includes CIBRS transition
1995,San Diego County,All ages,48,11452,13166,12440,574,3331,40963,82204,4109,127276,DOJ arrest/citation occasions; highest-severity offense; county of reporting agency,No completeness guarantee; 2021 includes CIBRS transition
1995,San Diego County,Adult 18+,40,9870,10261,11856,446,2703,35136,72510,0,107646,DOJ arrest/citation occasions; highest-severity offense; county of reporting agency,No completeness guarantee; 2021 includes CIBRS transition
1995,San Diego County,Juvenile under 18,8,1582,2905,584,128,628,5827,9694,4109,19630,DOJ arrest/citation occasions; highest-severity offense; county of reporting agency,No completeness guarantee; 2021 includes CIBRS transition
1996,San Diego County,All ages,48,11012,11931,10069,554,3208,36774,77455,3834,118063,DOJ arrest/citation occasions; highest-severity offense; county of reporting agency,No completeness guarantee; 2021 includes CIBRS transition
1996,San Diego County,Adult 18+,40,9448,8864,9554,435,2451,30752,67668,0,98420,DOJ arrest/citation occasions; highest-severity offense; county of reporting agency,No completeness guarantee; 2021 includes CIBRS transition
1996,San Diego County,Juvenile under 18,8,1564,3067,515,119,757,6022,9787,3834,19643,DOJ arrest/citation occasions; highest-severity offense; county of reporting agency,No completeness guarantee; 2021 includes CIBRS transition
1997,San Diego County,All ages,48,11275,11226,10709,610,3258,37078,73729,3368,114175,DOJ arrest/citation occasions; highest-severity offense; county of reporting agency,No completeness guarantee; 2021 includes CIBRS transition
1997,San Diego County,Adult 18+,40,9779,8494,10189,471,2495,31428,63275,0,94703,DOJ arrest/citation occasions; highest-severity offense; county of reporting agency,No completeness guarantee; 2021 includes CIBRS transition
1997,San Diego County,Juvenile under 18,8,1496,2732,520,139,763,5650,10454,3368,19472,DOJ arrest/citation occasions; highest-severity offense; county of reporting agency,No completeness guarantee; 2021 includes CIBRS transition
1998,San Diego County,All ages,48,11043,10642,9883,550,3281,35399,77570,3828,116797,DOJ arrest/citation occasions; highest-severity offense; county of reporting agency,No completeness guarantee; 2021 includes CIBRS transition
1998,San Diego County,Adult 18+,40,9435,7860,9396,449,2421,29561,65728,0,95289,DOJ arrest/citation occasions; highest-severity offense; county of reporting agency,No completeness guarantee; 2021 includes CIBRS transition
1998,San Diego County,Juvenile under 18,8,1608,2782,487,101,860,5838,11842,3828,21508,DOJ arrest/citation occasions; highest-severity offense; county of reporting agency,No completeness guarantee; 2021 includes CIBRS transition
1999,San Diego County,All ages,48,9893,8689,9764,614,3248,32208,76561,4323,113092,DOJ arrest/citation occasions; highest-severity offense; county of reporting agency,No completeness guarantee; 2021 includes CIBRS transition
1999,San Diego County,Adult 18+,40,8427,6383,9360,483,2466,27119,65163,0,92282,DOJ arrest/citation occasions; highest-severity offense; county of reporting agency,No completeness guarantee; 2021 includes CIBRS transition
1999,San Diego County,Juvenile under 18,8,1466,2306,404,131,782,5089,11398,4323,20810,DOJ arrest/citation occasions; highest-severity offense; county of reporting agency,No completeness guarantee; 2021 includes CIBRS transition
2000,San Diego County,All ages,48,10135,8683,9355,492,3217,31882,70785,4209,106876,DOJ arrest/citation occasions; highest-severity offense; county of reporting agency,No completeness guarantee; 2021 includes CIBRS transition
2000,San Diego County,Adult 18+,40,8781,6552,8935,397,2478,27143,59562,0,86705,DOJ arrest/citation occasions; highest-severity offense; county of reporting agency,No completeness guarantee; 2021 includes CIBRS transition
2000,San Diego County,Juvenile under 18,8,1354,2131,420,95,739,4739,11223,4209,20171,DOJ arrest/citation occasions; highest-severity offense; county of reporting agency,No completeness guarantee; 2021 includes CIBRS transition
2001,San Diego County,All ages,48,10192,9408,9093,532,3810,33035,71900,4181,109116,DOJ arrest/citation occasions; highest-severity offense; county of reporting agency,No completeness guarantee; 2021 includes CIBRS transition
2001,San Diego County,Adult 18+,40,8676,7271,8662,405,2845,27859,61454,0,89313,DOJ arrest/citation occasions; highest-severity offense; county of reporting agency,No completeness guarantee; 2021 includes CIBRS transition
2001,San Diego County,Juvenile under 18,8,1516,2137,431,127,965,5176,10446,4181,19803,DOJ arrest/citation occasions; highest-severity offense; county of reporting agency,No completeness guarantee; 2021 includes CIBRS transition
2002,San Diego County,All ages,48,9766,9639,9205,519,4243,33372,73130,3847,110349,DOJ arrest/citation occasions; highest-severity offense; county of reporting agency,No completeness guarantee; 2021 includes CIBRS transition
2002,San Diego County,Adult 18+,40,8509,7493,8789,405,3171,28367,62700,0,91067,DOJ arrest/citation occasions; highest-severity offense; county of reporting agency,No completeness guarantee; 2021 includes CIBRS transition
2002,San Diego County,Juvenile under 18,8,1257,2146,416,114,1072,5005,10430,3847,19282,DOJ arrest/citation occasions; highest-severity offense; county of reporting agency,No completeness guarantee; 2021 includes CIBRS transition
2003,San Diego County,All ages,48,9602,10350,10367,722,4816,35857,74445,3065,113367,DOJ arrest/citation occasions; highest-severity offense; county of reporting agency,No completeness guarantee; 2021 includes CIBRS transition
2003,San Diego County,Adult 18+,40,8431,8269,9948,619,3581,30848,64547,0,95395,DOJ arrest/citation occasions; highest-severity offense; county of reporting agency,No completeness guarantee; 2021 includes CIBRS transition
2003,San Diego County,Juvenile under 18,8,1171,2081,419,103,1235,5009,9898,3065,17972,DOJ arrest/citation occasions; highest-severity offense; county of reporting agency,No completeness guarantee; 2021 includes CIBRS transition
2004,San Diego County,All ages,48,9558,11577,11181,820,4865,38001,79271,2725,119997,DOJ arrest/citation occasions; highest-severity offense; county of reporting agency,No completeness guarantee; 2021 includes CIBRS transition
2004,San Diego County,Adult 18+,40,8340,9413,10779,728,3676,32936,68779,0,101715,DOJ arrest/citation occasions; highest-severity offense; county of reporting agency,No completeness guarantee; 2021 includes CIBRS transition
2004,San Diego County,Juvenile under 18,8,1218,2164,402,92,1189,5065,10492,2725,18282,DOJ arrest/citation occasions; highest-severity offense; county of reporting agency,No completeness guarantee; 2021 includes CIBRS transition
2005,San Diego County,All ages,48,9215,10862,11584,727,5191,37579,75789,2634,116002,DOJ arrest/citation occasions; highest-severity offense; county of reporting agency,No completeness guarantee; 2021 includes CIBRS transition
2005,San Diego County,Adult 18+,40,8145,8862,11228,641,4023,32899,65975,0,98874,DOJ arrest/citation occasions; highest-severity offense; county of reporting agency,No completeness guarantee; 2021 includes CIBRS transition
2005,San Diego County,Juvenile under 18,8,1070,2000,356,86,1168,4680,9814,2634,17128,DOJ arrest/citation occasions; highest-severity offense; county of reporting agency,No completeness guarantee; 2021 includes CIBRS transition
2006,San Diego County,All ages,48,9086,10815,10318,615,5647,36481,77210,2786,116477,DOJ arrest/citation occasions; highest-severity offense; county of reporting agency,No completeness guarantee; 2021 includes CIBRS transition
2006,San Diego County,Adult 18+,40,7816,8689,9971,548,4213,31237,67780,0,99017,DOJ arrest/citation occasions; highest-severity offense; county of reporting agency,No completeness guarantee; 2021 includes CIBRS transition
2006,San Diego County,Juvenile under 18,8,1270,2126,347,67,1434,5244,9430,2786,17460,DOJ arrest/citation occasions; highest-severity offense; county of reporting agency,No completeness guarantee; 2021 includes CIBRS transition
2007,San Diego County,All ages,48,10182,9797,8215,581,5460,34235,75008,2884,112127,DOJ arrest/citation occasions; highest-severity offense; county of reporting agency,No completeness guarantee; 2021 includes CIBRS transition
2007,San Diego County,Adult 18+,40,8368,7880,7909,498,4083,28738,66287,0,95025,DOJ arrest/citation occasions; highest-severity offense; county of reporting agency,No completeness guarantee; 2021 includes CIBRS transition
2007,San Diego County,Juvenile under 18,8,1814,1917,306,83,1377,5497,8721,2884,17102,DOJ arrest/citation occasions; highest-severity offense; county of reporting agency,No completeness guarantee; 2021 includes CIBRS transition
2008,San Diego County,All ages,48,10443,9211,6848,604,5479,32585,79495,3598,115678,DOJ arrest/citation occasions; highest-severity offense; county of reporting agency,No completeness guarantee; 2021 includes CIBRS transition
2008,San Diego County,Adult 18+,40,8736,7191,6521,512,4120,27080,70297,0,97377,DOJ arrest/citation occasions; highest-severity offense; county of reporting agency,No completeness guarantee; 2021 includes CIBRS transition
2008,San Diego County,Juvenile under 18,8,1707,2020,327,92,1359,5505,9198,3598,18301,DOJ arrest/citation occasions; highest-severity offense; county of reporting agency,No completeness guarantee; 2021 includes CIBRS transition
2009,San Diego County,All ages,48,9812,8598,7648,579,5321,31958,78405,4107,114470,DOJ arrest/citation occasions; highest-severity offense; county of reporting agency,No completeness guarantee; 2021 includes CIBRS transition
2009,San Diego County,Adult 18+,40,8460,6780,7312,490,4208,27250,69811,0,97061,DOJ arrest/citation occasions; highest-severity offense; county of reporting agency,No completeness guarantee; 2021 includes CIBRS transition
2009,San Diego County,Juvenile under 18,8,1352,1818,336,89,1113,4708,8594,4107,17409,DOJ arrest/citation occasions; highest-severity offense; county of reporting agency,No completeness guarantee; 2021 includes CIBRS transition
2010,San Diego County,All ages,48,9354,8337,9504,502,5652,33349,77547,3535,114431,DOJ arrest/citation occasions; highest-severity offense; county of reporting agency,No completeness guarantee; 2021 includes CIBRS transition
2010,San Diego County,Adult 18+,40,8258,6879,9035,436,4534,29142,68823,0,97965,DOJ arrest/citation occasions; highest-severity offense; county of reporting agency,No completeness guarantee; 2021 includes CIBRS transition
2010,San Diego County,Juvenile under 18,8,1096,1458,469,66,1118,4207,8724,3535,16466,DOJ arrest/citation occasions; highest-severity offense; county of reporting agency,No completeness guarantee; 2021 includes CIBRS transition
2011,San Diego County,All ages,48,8769,7257,8893,488,5248,30655,67705,3050,101410,DOJ arrest/citation occasions; highest-severity offense; county of reporting agency,No completeness guarantee; 2021 includes CIBRS transition
2011,San Diego County,Adult 18+,40,7754,6010,8565,408,4370,27107,60674,0,87781,DOJ arrest/citation occasions; highest-severity offense; county of reporting agency,No completeness guarantee; 2021 includes CIBRS transition
2011,San Diego County,Juvenile under 18,8,1015,1247,328,80,878,3548,7031,3050,13629,DOJ arrest/citation occasions; highest-severity offense; county of reporting agency,No completeness guarantee; 2021 includes CIBRS transition
2012,San Diego County,All ages,48,8658,6931,8330,472,6083,30474,62035,2116,94625,DOJ arrest/citation occasions; highest-severity offense; county of reporting agency,No completeness guarantee; 2021 includes CIBRS transition
2012,San Diego County,Adult 18+,40,7879,5991,8121,419,5424,27834,56541,0,84375,DOJ arrest/citation occasions; highest-severity offense; county of reporting agency,No completeness guarantee; 2021 includes CIBRS transition
2012,San Diego County,Juvenile under 18,8,779,940,209,53,659,2640,5494,2116,10250,DOJ arrest/citation occasions; highest-severity offense; county of reporting agency,No completeness guarantee; 2021 includes CIBRS transition
2013,San Diego County,All ages,48,8471,7105,9826,404,6977,32783,60168,1438,94389,DOJ arrest/citation occasions; highest-severity offense; county of reporting agency,No completeness guarantee; 2021 includes CIBRS transition
2013,San Diego County,Adult 18+,40,7838,6194,9571,368,6407,30378,55455,0,85833,DOJ arrest/citation occasions; highest-severity offense; county of reporting agency,No completeness guarantee; 2021 includes CIBRS transition
2013,San Diego County,Juvenile under 18,8,633,911,255,36,570,2405,4713,1438,8556,DOJ arrest/citation occasions; highest-severity offense; county of reporting agency,No completeness guarantee; 2021 includes CIBRS transition
2014,San Diego County,All ages,48,8793,6122,8855,338,7298,31406,59527,1428,92361,DOJ arrest/citation occasions; highest-severity offense; county of reporting agency,No completeness guarantee; 2021 includes CIBRS transition
2014,San Diego County,Adult 18+,40,8128,5447,8646,313,6811,29345,55237,0,84582,DOJ arrest/citation occasions; highest-severity offense; county of reporting agency,No completeness guarantee; 2021 includes CIBRS transition
2014,San Diego County,Juvenile under 18,8,665,675,209,25,487,2061,4290,1428,7779,DOJ arrest/citation occasions; highest-severity offense; county of reporting agency,No completeness guarantee; 2021 includes CIBRS transition
2015,San Diego County,All ages,48,8573,3895,3046,315,7002,22831,66978,1218,91027,DOJ arrest/citation occasions; highest-severity offense; county of reporting agency,No completeness guarantee; 2021 includes CIBRS transition
2015,San Diego County,Adult 18+,40,8038,3517,2946,285,6602,21388,63357,0,84745,DOJ arrest/citation occasions; highest-severity offense; county of reporting agency,No completeness guarantee; 2021 includes CIBRS transition
2015,San Diego County,Juvenile under 18,8,535,378,100,30,400,1443,3621,1218,6282,DOJ arrest/citation occasions; highest-severity offense; county of reporting agency,No completeness guarantee; 2021 includes CIBRS transition
2016,San Diego County,All ages,48,8301,4477,2521,294,6928,22521,64790,797,88108,DOJ arrest/citation occasions; highest-severity offense; county of reporting agency,No completeness guarantee; 2021 includes CIBRS transition
2016,San Diego County,Adult 18+,40,7821,4115,2401,272,6591,21200,61446,0,82646,DOJ arrest/citation occasions; highest-severity offense; county of reporting agency,No completeness guarantee; 2021 includes CIBRS transition
2016,San Diego County,Juvenile under 18,8,480,362,120,22,337,1321,3344,797,5462,DOJ arrest/citation occasions; highest-severity offense; county of reporting agency,No completeness guarantee; 2021 includes CIBRS transition
2017,San Diego County,All ages,48,8695,4463,2113,328,7068,22667,64826,697,88190,DOJ arrest/citation occasions; highest-severity offense; county of reporting agency,No completeness guarantee; 2021 includes CIBRS transition
2017,San Diego County,Adult 18+,40,8139,4100,2051,295,6732,21317,62172,0,83489,DOJ arrest/citation occasions; highest-severity offense; county of reporting agency,No completeness guarantee; 2021 includes CIBRS transition
2017,San Diego County,Juvenile under 18,8,556,363,62,33,336,1350,2654,697,4701,DOJ arrest/citation occasions; highest-severity offense; county of reporting agency,No completeness guarantee; 2021 includes CIBRS transition
2018,San Diego County,All ages,48,8574,4140,2094,274,6763,21845,62416,432,84693,DOJ arrest/citation occasions; highest-severity offense; county of reporting agency,No completeness guarantee; 2021 includes CIBRS transition
2018,San Diego County,Adult 18+,40,8047,3898,2052,254,6416,20667,60558,0,81225,DOJ arrest/citation occasions; highest-severity offense; county of reporting agency,No completeness guarantee; 2021 includes CIBRS transition
2018,San Diego County,Juvenile under 18,8,527,242,42,20,347,1178,1858,432,3468,DOJ arrest/citation occasions; highest-severity offense; county of reporting agency,No completeness guarantee; 2021 includes CIBRS transition
2019,San Diego County,All ages,48,8578,4099,2038,318,6716,21749,63041,461,85251,DOJ arrest/citation occasions; highest-severity offense; county of reporting agency,No completeness guarantee; 2021 includes CIBRS transition
2019,San Diego County,Adult 18+,40,8069,3928,2001,300,6422,20720,61196,0,81916,DOJ arrest/citation occasions; highest-severity offense; county of reporting agency,No completeness guarantee; 2021 includes CIBRS transition
2019,San Diego County,Juvenile under 18,8,509,171,37,18,294,1029,1845,461,3335,DOJ arrest/citation occasions; highest-severity offense; county of reporting agency,No completeness guarantee; 2021 includes CIBRS transition
2020,San Diego County,All ages,48,8421,3811,2229,257,5205,19923,49164,366,69453,DOJ arrest/citation occasions; highest-severity offense; county of reporting agency,No completeness guarantee; 2021 includes CIBRS transition
2020,San Diego County,Adult 18+,40,8081,3624,2198,252,5003,19158,48157,0,67315,DOJ arrest/citation occasions; highest-severity offense; county of reporting agency,No completeness guarantee; 2021 includes CIBRS transition
2020,San Diego County,Juvenile under 18,8,340,187,31,5,202,765,1007,366,2138,DOJ arrest/citation occasions; highest-severity offense; county of reporting agency,No completeness guarantee; 2021 includes CIBRS transition
2021,San Diego County,All ages,48,1445,1422,1100,187,4935,9089,24274,0,33363,DOJ arrest/citation occasions; highest-severity offense; county of reporting agency,No completeness guarantee; 2021 includes CIBRS transition
2021,San Diego County,Adult 18+,40,1363,1371,1081,187,4851,8853,23880,0,32733,DOJ arrest/citation occasions; highest-severity offense; county of reporting agency,No completeness guarantee; 2021 includes CIBRS transition
2021,San Diego County,Juvenile under 18,8,82,51,19,0,84,236,394,0,630,DOJ arrest/citation occasions; highest-severity offense; county of reporting agency,No completeness guarantee; 2021 includes CIBRS transition
2022,San Diego County,All ages,48,5115,3686,1431,245,6321,16798,38523,0,55321,DOJ arrest/citation occasions; highest-severity offense; county of reporting agency,No completeness guarantee; 2021 includes CIBRS transition
2022,San Diego County,Adult 18+,40,4697,3499,1395,238,6027,15856,37540,0,53396,DOJ arrest/citation occasions; highest-severity offense; county of reporting agency,No completeness guarantee; 2021 includes CIBRS transition
2022,San Diego County,Juvenile under 18,8,418,187,36,7,294,942,983,0,1925,DOJ arrest/citation occasions; highest-severity offense; county of reporting agency,No completeness guarantee; 2021 includes CIBRS transition
2023,San Diego County,All ages,48,6670,4004,1465,241,6256,18636,41632,0,60268,DOJ arrest/citation occasions; highest-severity offense; county of reporting agency,No completeness guarantee; 2021 includes CIBRS transition
2023,San Diego County,Adult 18+,40,6075,3683,1443,229,5880,17310,40396,0,57706,DOJ arrest/citation occasions; highest-severity offense; county of reporting agency,No completeness guarantee; 2021 includes CIBRS transition
2023,San Diego County,Juvenile under 18,8,595,321,22,12,376,1326,1236,0,2562,DOJ arrest/citation occasions; highest-severity offense; county of reporting agency,No completeness guarantee; 2021 includes CIBRS transition
2024,San Diego County,All ages,48,6950,3608,1459,221,7045,19283,40178,0,59461,DOJ arrest/citation occasions; highest-severity offense; county of reporting agency,Contains documented partial Sheriff reporting
2024,San Diego County,Adult 18+,40,6391,3375,1443,213,6740,18162,39113,0,57275,DOJ arrest/citation occasions; highest-severity offense; county of reporting agency,Contains documented partial Sheriff reporting
2024,San Diego County,Juvenile under 18,8,559,233,16,8,305,1121,1065,0,2186,DOJ arrest/citation occasions; highest-severity offense; county of reporting agency,Contains documented partial Sheriff reporting
2025,San Diego County,All ages,48,5872,3471,1888,195,8843,20269,36845,0,57114,DOJ arrest/citation occasions; highest-severity offense; county of reporting agency,Contains documented partial Sheriff reporting
2025,San Diego County,Adult 18+,40,5485,3321,1872,183,8604,19465,35964,0,55429,DOJ arrest/citation occasions; highest-severity offense; county of reporting agency,Contains documented partial Sheriff reporting
2025,San Diego County,Juvenile under 18,8,387,150,16,12,239,804,881,0,1685,DOJ arrest/citation occasions; highest-severity offense; county of reporting agency,Contains documented partial Sheriff reporting
