year,city_normalized,all,core,drug,property,violence,weapons,driving
2018,4S RANCH,21,8,6,6,0,0,0
2018,ALPINE,342,30,157,35,10,25,53
2018,BONITA,47,7,16,3,5,0,0
2018,BONSALL,24,4,5,4,5,1,1
2018,BORREGO SPRINGS,20,6,6,4,0,0,0
2018,BOULEVARD,46,1,14,5,3,9,4
2018,CAMP PENDLETON,23,3,9,2,1,0,1
2018,CAMPO,35,8,7,1,6,1,4
2018,CARDIFF BY THE SEA,2,0,0,0,0,0,1
2018,CARLSBAD,54,2,11,15,0,2,6
2018,CHULA VISTA,113,1,34,13,3,1,4
2018,CORONADO,4,0,0,0,0,0,0
2018,DEL MAR,85,7,7,3,10,2,9
2018,DESCANSO,16,2,11,1,0,0,2
2018,DOWNEY,2,0,0,2,0,0,0
2018,DULZURA,22,1,6,1,0,1,6
2018,EL CAJON,199,6,53,39,9,8,21
2018,EL CAJON UNINC,434,51,163,72,26,18,47
2018,ENCINITAS,652,39,146,87,25,17,109
2018,ESCONDIDO,112,8,22,23,7,6,17
2018,ESCONDIDO UNINC,61,20,21,5,9,1,0
2018,FALLBROOK,398,66,107,48,25,20,29
2018,HEMET,1,0,0,0,0,0,0
2018,IMPERIAL BEACH,530,48,118,38,28,16,30
2018,JACUMBA,3,0,0,0,1,0,0
2018,JAMUL,88,2,36,16,3,3,19
2018,JULIAN,19,5,3,2,2,0,2
2018,LA MESA,40,2,6,6,3,0,2
2018,LA MESA UNINC,77,7,24,17,3,4,3
2018,LAKESIDE,573,61,193,65,53,29,23
2018,LEMON GROVE,492,35,142,69,39,14,16
2018,LINCOLN ACRES,14,3,1,1,0,0,1
2018,LOS ANGELES,6,0,2,0,0,1,0
2018,MULTIPLE/CONFLICTING,28,1,22,5,0,1,0
2018,MURRIETA,4,0,0,2,1,0,0
2018,NATIONAL CITY,54,0,7,6,0,1,1
2018,OCEANSIDE,223,2,50,19,3,3,11
2018,ORANGE,1,0,0,1,0,0,0
2018,OTAY,5,0,1,1,3,0,0
2018,OTHER/UNVERIFIED LOCALITY LABEL,30,1,2,16,0,0,0
2018,PALA,137,11,51,27,8,7,5
2018,PAUMA VALLEY,60,6,14,11,7,5,5
2018,PINE VALLEY,46,0,16,6,1,12,3
2018,POTRERO,1,0,1,0,0,0,0
2018,POWAY,293,27,69,42,13,3,47
2018,POWAY UNINC,1,1,0,0,0,0,0
2018,RAMONA,289,38,109,30,20,14,6
2018,RANCHITA,5,0,1,2,0,0,0
2018,RANCHO SANTA FE,17,6,4,2,2,0,1
2018,RIVERSIDE,4,0,0,4,0,0,0
2018,SACRAMENTO,1,0,0,1,0,0,0
2018,SAN CLEMENTE,3,0,3,0,0,1,0
2018,SAN DIEGO,560,13,122,105,16,13,19
2018,SAN MARCOS,829,74,235,101,39,28,119
2018,SAN MARCOS UNIN,14,4,5,2,2,0,0
2018,SAN YSABEL,7,1,1,2,0,0,0
2018,SAN YSIDRO,8,0,5,2,1,0,1
2018,SANTA ANA,3,0,0,2,0,0,0
2018,SANTA YSABEL,3,0,0,0,1,0,0
2018,SANTEE,940,58,358,170,32,33,99
2018,SHERIFF (administrative label),1052,35,43,182,36,11,8
2018,SOLANA BEACH,101,10,16,13,9,4,16
2018,SOUTH BAY,95,0,40,19,1,3,7
2018,SPRING VALLEY,693,82,224,82,70,28,15
2018,TECATE,35,1,3,1,1,1,4
2018,TEMECULA,9,0,2,4,0,2,1
2018,UNKNOWN/UNREPORTED,2,0,0,2,0,0,0
2018,VALLEY CENTER,295,21,119,28,14,10,21
2018,VISTA,1560,147,408,169,92,51,220
2018,VISTA UNINC,116,15,35,8,10,5,9
2018,WARNER SPRINGS,13,1,3,3,3,0,2
2019,4S RANCH,50,9,4,19,3,0,4
2019,ALPINE,752,37,391,86,17,29,129
2019,BONITA,107,14,40,10,18,1,1
2019,BONSALL,104,9,57,10,1,2,12
2019,BORREGO SPRINGS,48,9,12,7,4,0,4
2019,BOULEVARD,81,4,11,8,6,4,26
2019,CAMP PENDLETON,39,3,14,4,1,1,3
2019,CAMPO,62,15,6,5,7,1,8
2019,CARDIFF BY THE SEA,5,1,1,0,0,0,1
2019,CARLSBAD,128,2,17,13,4,1,9
2019,CHINO,1,0,0,0,1,0,0
2019,CHULA VISTA,254,6,47,20,5,14,3
2019,CORONADO,12,0,7,0,0,0,0
2019,DEL MAR,129,10,15,7,9,3,14
2019,DESCANSO,9,2,2,0,1,2,3
2019,DOWNEY,1,0,0,1,0,0,0
2019,DULZURA,94,5,35,11,0,9,30
2019,EL CAJON,405,29,113,68,12,15,22
2019,EL CAJON UNINC,789,93,320,107,49,28,56
2019,EL CENTRO,1,0,0,1,0,0,0
2019,ENCINITAS,1159,72,280,144,43,18,217
2019,ESCONDIDO,261,13,52,63,8,10,25
2019,ESCONDIDO UNINC,126,32,31,13,15,4,4
2019,FALLBROOK,839,101,288,124,47,25,44
2019,HEMET,8,0,0,5,0,0,0
2019,IMPERIAL BEACH,836,72,247,68,45,31,69
2019,JACUMBA,17,2,1,1,2,1,3
2019,JAMUL,218,18,83,28,8,10,42
2019,JULIAN,30,7,6,8,3,0,2
2019,LA MESA,86,3,16,20,6,0,3
2019,LA MESA UNINC,194,29,59,24,17,6,9
2019,LAKE ELSINORE,1,0,1,0,0,0,0
2019,LAKESIDE,1096,140,373,107,74,45,49
2019,LAS VEGAS,1,0,0,0,0,0,0
2019,LEMON GROVE,1211,85,443,196,75,41,49
2019,LINCOLN ACRES,30,4,8,3,4,0,1
2019,LOS ANGELES,9,0,0,8,0,0,0
2019,LYNWOOD,3,0,3,1,0,0,0
2019,MULTIPLE/CONFLICTING,77,1,59,15,3,10,2
2019,MURRIETA,4,1,0,3,0,0,0
2019,NATIONAL CITY,83,1,12,11,1,1,1
2019,OCEANSIDE,470,11,72,29,6,7,30
2019,ORANGE,1,0,0,1,0,0,0
2019,OTAY,7,0,0,1,1,0,1
2019,OTHER/UNVERIFIED LOCALITY LABEL,62,2,4,25,4,1,0
2019,PALA,262,22,99,50,14,16,4
2019,PALOMAR MOUNTAIN,5,2,1,0,1,0,0
2019,PAUMA VALLEY,148,17,42,16,10,8,6
2019,PHOENIX,1,0,0,1,0,0,0
2019,PINE VALLEY,72,1,26,16,1,5,7
2019,POTRERO,5,1,1,2,0,0,0
2019,POWAY,648,52,175,82,26,17,140
2019,POWAY UNINC,4,0,0,2,0,0,2
2019,RAMONA,626,81,239,56,36,24,46
2019,RANCHITA,10,0,3,1,0,0,0
2019,RANCHO SANTA FE,39,3,3,10,8,3,1
2019,RIVERSIDE,12,0,0,9,1,0,0
2019,SAN BERNARDINO,7,0,0,6,0,0,0
2019,SAN CLEMENTE,3,0,2,0,0,0,0
2019,SAN DIEGO,1113,22,199,200,31,28,34
2019,SAN JUAN CAPISTRANO,1,0,0,1,0,0,0
2019,SAN MARCOS,1480,156,391,139,79,58,211
2019,SAN MARCOS UNIN,30,4,6,1,2,2,3
2019,SAN YSABEL,10,0,0,4,0,2,1
2019,SAN YSIDRO,9,1,2,3,0,0,0
2019,SANTA ANA,2,0,0,0,0,2,0
2019,SANTA YSABEL,3,0,1,0,1,0,2
2019,SANTEE,1756,103,693,358,72,50,138
2019,SHERIFF (administrative label),2171,55,109,416,88,19,31
2019,SOLANA BEACH,157,15,31,21,10,4,28
2019,SOUTH BAY,154,3,73,37,1,6,5
2019,SPRING VALLEY,1798,192,664,166,123,69,56
2019,SUN CITY,3,0,0,3,0,0,0
2019,TECATE,73,5,6,3,2,0,13
2019,TEMECULA,16,0,3,5,0,0,2
2019,UNKNOWN/UNREPORTED,6,0,0,6,0,0,0
2019,VALLEY CENTER,502,52,155,78,32,22,19
2019,VISTA,3432,271,873,376,161,91,515
2019,VISTA UNINC,278,39,69,14,25,11,23
2019,WARNER SPRINGS,24,8,4,6,2,2,2
2020,4S RANCH,26,4,4,6,2,2,5
2020,ALPINE,1005,43,582,128,29,51,139
2020,BONITA,87,14,34,13,6,4,0
2020,BONSALL,48,7,22,3,1,3,2
2020,BORREGO SPRINGS,54,13,5,14,12,5,2
2020,BOULEVARD,69,8,18,11,4,5,13
2020,CAMP PENDLETON,32,9,7,1,2,0,3
2020,CAMPO,85,9,13,11,9,5,25
2020,CARDIFF BY THE SEA,12,0,1,1,1,0,5
2020,CARLSBAD,73,2,20,15,1,2,6
2020,CHULA VISTA,133,6,51,19,4,5,6
2020,CORONADO,5,0,2,1,0,0,0
2020,DEL MAR,58,3,17,10,3,3,10
2020,DESCANSO,10,2,5,0,2,1,1
2020,DULZURA,42,3,3,7,1,6,14
2020,EL CAJON,312,15,131,53,21,13,24
2020,EL CAJON UNINC,583,84,226,69,53,30,27
2020,ENCINITAS,995,72,266,138,67,35,146
2020,ESCONDIDO,190,12,49,40,9,7,22
2020,ESCONDIDO UNINC,130,36,30,14,16,2,3
2020,FALLBROOK,745,96,326,88,51,22,29
2020,GUATAY,1,0,0,0,0,0,0
2020,HEMET,1,0,1,0,0,1,0
2020,IMPERIAL BEACH,713,70,266,60,41,32,63
2020,JACUMBA,30,4,5,8,6,2,4
2020,JAMUL,178,10,74,18,10,8,36
2020,JULIAN,48,9,4,6,13,0,2
2020,LA JOLLA,1,0,1,0,0,0,0
2020,LA MESA,45,0,12,17,2,4,4
2020,LA MESA UNINC,145,26,39,28,18,7,3
2020,LAKE ELSINORE,3,0,0,2,0,0,0
2020,LAKESIDE,1071,130,455,99,121,59,34
2020,LAS VEGAS,5,0,0,2,1,0,0
2020,LEMON GROVE,742,63,263,129,66,27,57
2020,LINCOLN ACRES,31,1,16,4,7,0,2
2020,LOS ANGELES,5,0,0,3,0,0,0
2020,MORENO VALLEY,2,0,0,2,0,0,0
2020,MOUNT LAGUNA,3,0,0,2,0,0,0
2020,MULTIPLE/CONFLICTING,35,0,29,9,1,6,0
2020,MURRIETA,4,1,0,3,0,0,0
2020,NATIONAL CITY,41,3,9,2,0,2,0
2020,OCEANSIDE,338,6,82,20,9,10,12
2020,ORANGE,1,0,0,1,0,0,0
2020,OTAY,9,1,2,1,0,1,0
2020,OTHER/UNVERIFIED LOCALITY LABEL,45,0,8,22,3,1,0
2020,PALA,172,19,74,29,11,8,2
2020,PALOMAR MOUNTAIN,2,2,0,0,0,0,0
2020,PAUMA VALLEY,75,13,23,10,6,2,0
2020,PINE VALLEY,132,4,56,11,4,28,14
2020,POTRERO,9,0,2,2,0,1,4
2020,POWAY,530,55,124,72,31,19,87
2020,POWAY UNINC,5,0,3,1,1,0,0
2020,RAMONA,504,71,190,47,31,26,33
2020,RANCHITA,8,2,0,4,1,0,0
2020,RANCHO SANTA FE,32,8,11,6,3,1,0
2020,RIVERSIDE,2,0,0,1,0,0,0
2020,SACRAMENTO,4,0,0,4,0,0,0
2020,SAN BERNARDINO,3,0,0,3,0,0,0
2020,SAN CLEMENTE,5,0,3,0,0,1,0
2020,SAN DIEGO,566,14,150,152,25,16,26
2020,SAN JACINTO,1,0,0,1,0,0,0
2020,SAN MARCOS,1354,167,511,164,85,87,183
2020,SAN MARCOS UNIN,31,9,4,3,7,1,3
2020,SAN YSABEL,2,0,1,0,1,0,0
2020,SAN YSIDRO,10,0,2,6,0,0,1
2020,SANTA ANA,5,0,1,4,0,1,1
2020,SANTA YSABEL,9,3,2,0,1,0,0
2020,SANTEE,1163,103,469,160,72,39,128
2020,SHERIFF (administrative label),1322,46,65,264,96,17,14
2020,SOLANA BEACH,105,15,14,11,9,5,19
2020,SOUTH BAY,105,1,66,13,2,5,7
2020,SPRING VALLEY,1258,205,388,165,147,58,35
2020,TECATE,55,5,3,4,2,2,14
2020,TEMECULA,16,0,2,8,1,0,2
2020,UNKNOWN/UNREPORTED,1,0,0,1,0,0,0
2020,VALLEY CENTER,391,41,138,83,37,23,8
2020,VISTA,2338,249,693,315,149,95,276
2020,VISTA UNINC,168,41,44,10,13,9,10
2020,WARNER SPRINGS,15,3,3,1,1,0,0
2021,4S RANCH,28,11,3,6,3,0,1
2021,ALPINE,849,43,512,137,21,48,52
2021,BONITA,93,20,41,9,3,1,1
2021,BONSALL,89,10,48,5,4,5,2
2021,BORREGO SPRINGS,48,12,3,15,6,1,2
2021,BOULEVARD,41,4,5,5,6,6,3
2021,CAMP PENDLETON,39,7,10,3,5,1,0
2021,CAMPO,70,8,17,7,8,7,12
2021,CARDIFF BY THE SEA,12,1,0,0,1,0,7
2021,CARLSBAD,134,3,38,22,1,3,8
2021,CHINO,3,0,0,3,0,0,0
2021,CHULA VISTA,143,1,78,33,3,13,8
2021,CORONADO,3,0,0,1,2,0,0
2021,DEL MAR,61,5,6,8,9,0,23
2021,DESCANSO,8,2,1,2,0,0,1
2021,DOWNEY,1,0,0,1,0,0,0
2021,DULZURA,36,2,14,5,0,8,4
2021,EL CAJON,243,19,84,63,19,20,12
2021,EL CAJON UNINC,517,83,197,87,46,30,19
2021,EL CENTRO,8,0,0,3,2,0,0
2021,ENCINITAS,1002,77,273,107,60,35,193
2021,ESCONDIDO,252,17,91,39,12,12,21
2021,ESCONDIDO UNINC,120,23,42,13,14,7,3
2021,FALLBROOK,770,96,338,79,49,55,19
2021,FONTANA,2,0,0,2,0,0,0
2021,GUATAY,3,2,0,0,0,0,0
2021,HEMET,1,0,0,0,0,0,0
2021,IMPERIAL BEACH,723,89,238,52,45,31,75
2021,JACUMBA,15,1,3,3,1,0,1
2021,JAMUL,300,13,129,47,18,27,32
2021,JULIAN,20,4,6,3,2,1,0
2021,LA JOLLA,3,0,1,0,0,0,2
2021,LA MESA,44,5,8,14,1,3,6
2021,LA MESA UNINC,119,21,37,14,16,8,1
2021,LAKE ELSINORE,2,0,0,2,0,0,0
2021,LAKESIDE,881,125,348,117,67,66,32
2021,LAS VEGAS,2,0,0,0,0,0,0
2021,LEMON GROVE,862,95,266,144,70,39,69
2021,LINCOLN ACRES,31,4,12,6,4,1,0
2021,LOS ANGELES,5,1,0,2,0,0,1
2021,MULTIPLE/CONFLICTING,41,2,34,9,2,4,2
2021,MURRIETA,9,0,0,2,0,0,0
2021,NATIONAL CITY,48,4,25,12,3,2,0
2021,OCEANSIDE,478,5,85,18,6,9,13
2021,OTAY,17,2,5,5,2,0,1
2021,OTHER/UNVERIFIED LOCALITY LABEL,62,0,5,19,4,2,4
2021,PALA,190,23,63,39,17,14,1
2021,PALOMAR MOUNTAIN,2,1,0,0,0,0,0
2021,PAUMA VALLEY,77,16,16,7,8,3,1
2021,PERRIS,2,0,0,2,0,0,0
2021,PHOENIX,1,0,0,0,0,0,0
2021,PINE VALLEY,111,4,44,11,0,32,2
2021,POTRERO,5,2,1,1,2,0,1
2021,POWAY,481,43,160,81,31,22,80
2021,POWAY UNINC,4,1,1,0,2,0,0
2021,RAMONA,451,69,171,51,35,21,20
2021,RANCHITA,6,1,0,0,0,1,0
2021,RANCHO SANTA FE,34,13,5,1,4,2,1
2021,RIVERSIDE,5,0,0,3,1,0,0
2021,SAN CLEMENTE,14,0,9,2,0,3,1
2021,SAN DIEGO,622,17,147,204,45,30,32
2021,SAN JACINTO,1,0,0,1,0,0,0
2021,SAN MARCOS,1358,151,425,128,90,79,224
2021,SAN MARCOS UNIN,42,13,10,1,2,1,6
2021,SAN YSABEL,4,1,0,1,1,0,0
2021,SAN YSIDRO,8,0,0,4,0,1,1
2021,SANTA ANA,1,0,0,1,0,0,0
2021,SANTA YSABEL,6,0,1,1,0,0,0
2021,SANTEE,1176,100,432,190,74,46,106
2021,SHERIFF (administrative label),1436,72,52,420,152,19,13
2021,SOLANA BEACH,120,13,29,21,10,9,14
2021,SOUTH BAY,120,0,83,13,3,10,14
2021,SPRING VALLEY,1255,197,420,153,145,90,38
2021,TECATE,45,2,1,4,0,0,3
2021,TEMECULA,4,0,2,0,0,0,1
2021,UNKNOWN/UNREPORTED,2,0,0,2,0,0,0
2021,VALLEY CENTER,394,51,148,86,34,8,5
2021,VISTA,2639,240,781,254,154,122,286
2021,VISTA UNINC,144,23,36,12,14,12,13
2021,WARNER SPRINGS,20,5,6,1,0,2,0
2022,4S RANCH,26,13,0,0,2,0,0
2022,ALISO VIEJO,6,0,0,6,0,0,1
2022,ALPINE,461,43,202,77,23,20,27
2022,BONITA,67,15,23,6,7,1,0
2022,BONSALL,53,13,18,5,1,3,3
2022,BORREGO SPRINGS,51,4,4,19,6,3,3
2022,BOULEVARD,36,3,7,10,1,4,4
2022,CAMP PENDLETON,25,5,10,1,1,2,3
2022,CAMPO,59,8,6,1,5,6,6
2022,CARDIFF BY THE SEA,11,0,3,3,1,0,3
2022,CARLSBAD,99,2,33,7,2,3,6
2022,CHULA VISTA,115,4,41,24,5,3,6
2022,CORONADO,4,0,1,0,0,0,2
2022,DEL MAR,85,5,14,9,4,1,25
2022,DESCANSO,7,0,0,2,1,1,2
2022,DULZURA,58,3,14,5,4,13,11
2022,EL CAJON,255,15,81,67,20,18,20
2022,EL CAJON UNINC,442,65,148,54,57,33,12
2022,ENCINITAS,1188,55,392,132,59,26,168
2022,ENCINITAS UNINC,1,0,1,0,0,0,0
2022,ESCONDIDO,285,7,106,44,7,6,30
2022,ESCONDIDO UNINC,141,25,49,27,14,11,3
2022,FALLBROOK,634,94,226,83,45,22,26
2022,FONTANA,1,0,0,1,0,0,0
2022,GUATAY,3,1,0,0,0,1,0
2022,HEMET,1,0,0,0,0,0,0
2022,IMPERIAL BEACH,582,73,155,52,34,21,96
2022,JACUMBA,6,3,0,1,1,0,0
2022,JAMUL,278,14,99,44,6,27,31
2022,JULIAN,22,5,3,3,5,1,0
2022,LA JOLLA,1,0,1,0,0,1,0
2022,LA MESA,53,5,9,19,5,0,3
2022,LA MESA UNINC,142,21,50,20,11,4,4
2022,LAKE ELSINORE,1,0,0,1,0,0,0
2022,LAKESIDE,781,113,255,95,69,51,26
2022,LAS VEGAS,3,0,0,3,0,0,0
2022,LEMON GROVE,773,58,205,122,88,35,59
2022,LINCOLN ACRES,12,2,1,2,4,0,0
2022,LONG BEACH,1,0,0,0,0,0,0
2022,LOS ANGELES,1,0,0,0,0,0,0
2022,MORENO VALLEY,1,0,0,1,0,0,0
2022,MULTIPLE/CONFLICTING,48,1,27,12,5,7,5
2022,NATIONAL CITY,33,1,15,4,1,3,2
2022,OCEANSIDE,662,9,156,31,10,14,15
2022,ORANGE,1,0,0,1,0,0,0
2022,OTAY,32,2,10,9,0,0,1
2022,OTHER/UNVERIFIED LOCALITY LABEL,44,0,1,11,1,0,0
2022,PALA,142,29,41,26,7,4,2
2022,PALOMAR MOUNTAIN,2,2,0,1,0,0,0
2022,PAUMA VALLEY,82,9,28,14,9,4,2
2022,PERRIS,1,0,1,0,0,0,0
2022,PHOENIX,1,0,0,0,0,0,0
2022,PINE VALLEY,72,0,12,14,0,18,6
2022,POWAY,584,49,189,85,29,21,119
2022,POWAY UNINC,1,0,1,0,0,0,0
2022,RAMONA,468,73,151,63,44,27,40
2022,RANCHITA,3,2,0,0,1,0,0
2022,RANCHO SANTA FE,23,5,3,4,3,0,1
2022,SAN CLEMENTE,6,0,0,1,0,2,0
2022,SAN DIEGO,739,24,187,165,50,28,42
2022,SAN JACINTO,2,0,0,2,0,0,0
2022,SAN JUAN CAPISTRANO,4,0,1,2,0,0,1
2022,SAN MARCOS,1607,159,493,239,84,94,252
2022,SAN MARCOS UNIN,38,6,16,3,5,1,5
2022,SAN YSABEL,8,1,0,3,3,1,1
2022,SAN YSIDRO,5,1,0,2,0,0,0
2022,SANTA ANA,1,0,0,0,0,0,0
2022,SANTA YSABEL,10,2,0,3,2,0,1
2022,SANTEE,993,82,303,169,63,36,94
2022,SHERIFF (administrative label),1419,32,93,382,134,23,10
2022,SOLANA BEACH,127,12,25,11,8,5,27
2022,SOUTH BAY,152,0,69,24,2,6,10
2022,SPRING VALLEY,1111,183,341,160,123,72,33
2022,TECATE,49,0,2,2,1,0,11
2022,TEMECULA,9,2,2,4,0,0,2
2022,UNKNOWN/UNREPORTED,9,1,0,4,0,0,0
2022,VALLEY CENTER,398,40,162,77,26,10,11
2022,VISTA,2514,251,686,320,167,96,309
2022,VISTA UNINC,139,20,43,17,19,6,8
2022,WARNER SPRINGS,7,2,1,2,0,2,0
2023,4S RANCH,24,9,3,1,2,1,2
2023,ALPINE,425,42,180,52,25,20,17
2023,BONITA,64,18,18,5,7,4,3
2023,BONSALL,59,6,20,4,6,4,2
2023,BORREGO SPRINGS,48,2,6,19,4,2,1
2023,BOULEVARD,30,2,10,3,3,2,8
2023,CAMP PENDLETON,18,1,5,1,1,1,1
2023,CAMPO,40,11,3,6,7,3,7
2023,CARDIFF BY THE SEA,9,1,2,0,0,0,3
2023,CARLSBAD,105,4,17,25,2,4,3
2023,CHINO,1,0,1,0,0,0,1
2023,CHULA VISTA,87,5,33,14,2,9,4
2023,CORONADO,7,0,0,2,0,1,2
2023,DEL MAR,77,5,10,6,8,3,19
2023,DESCANSO,9,5,0,1,2,0,0
2023,DULZURA,48,5,14,6,2,8,6
2023,EL CAJON,330,26,68,66,24,19,12
2023,EL CAJON UNINC,407,78,117,58,48,13,12
2023,ENCINITAS,1070,62,267,129,91,28,194
2023,ESCONDIDO,540,14,123,45,10,14,26
2023,ESCONDIDO UNINC,190,32,62,26,13,14,5
2023,FALLBROOK,563,76,194,67,39,26,21
2023,FONTANA,1,0,0,1,0,0,0
2023,GUATAY,2,2,0,0,0,0,0
2023,HEMET,2,0,0,2,0,0,0
2023,IMPERIAL BEACH,737,72,220,53,40,32,183
2023,JACUMBA,6,1,2,1,0,1,0
2023,JAMUL,207,9,75,35,12,9,21
2023,JULIAN,20,6,3,1,4,2,0
2023,LA JOLLA,4,0,1,2,0,0,0
2023,LA MESA,38,3,12,12,1,3,2
2023,LA MESA UNINC,107,18,35,23,11,7,5
2023,LAKE ELSINORE,1,0,0,1,0,0,0
2023,LAKESIDE,601,115,143,65,52,43,33
2023,LAS VEGAS,1,0,0,0,0,0,0
2023,LEMON GROVE,966,83,372,134,78,42,113
2023,LINCOLN ACRES,19,5,7,2,6,0,1
2023,LONG BEACH,1,1,0,0,0,0,0
2023,LOS ANGELES,2,0,0,2,0,0,0
2023,LYNWOOD,1,0,0,1,0,0,0
2023,MULTIPLE/CONFLICTING,28,0,11,10,1,7,3
2023,MURRIETA,1,0,0,0,1,0,0
2023,NATIONAL CITY,37,1,18,6,1,2,5
2023,OCEANSIDE,796,4,94,21,5,12,15
2023,OTAY,27,1,2,12,2,0,1
2023,OTHER/UNVERIFIED LOCALITY LABEL,36,0,2,9,1,0,1
2023,PALA,114,18,37,15,11,5,5
2023,PALOMAR MOUNTAIN,2,2,0,0,0,0,0
2023,PAUMA VALLEY,75,8,30,13,5,2,1
2023,PERRIS,2,0,0,2,0,0,0
2023,PHOENIX,1,0,0,0,0,0,0
2023,PINE VALLEY,38,2,10,2,0,11,1
2023,POWAY,621,45,182,69,43,32,147
2023,POWAY UNINC,1,0,0,0,1,0,0
2023,RAMONA,342,65,93,37,25,19,13
2023,RANCHITA,3,1,0,2,0,1,0
2023,RANCHO SANTA FE,23,6,4,2,3,1,1
2023,RIVERSIDE,2,0,0,0,0,0,0
2023,SAN BERNARDINO,1,0,0,0,0,0,0
2023,SAN CLEMENTE,11,1,6,1,0,1,0
2023,SAN DIEGO,700,30,144,137,63,21,36
2023,SAN JACINTO,1,0,0,1,0,0,0
2023,SAN JUAN CAPISTRANO,4,0,3,1,0,0,0
2023,SAN MARCOS,1352,169,383,162,85,59,198
2023,SAN MARCOS UNIN,34,7,8,3,7,4,1
2023,SAN YSABEL,7,0,0,1,2,0,0
2023,SAN YSIDRO,12,0,3,7,0,0,1
2023,SANTA YSABEL,6,1,0,1,3,0,0
2023,SANTEE,1126,86,298,193,77,38,126
2023,SHERIFF (administrative label),1300,39,133,265,148,17,14
2023,SOLANA BEACH,141,11,35,15,16,4,20
2023,SOUTH BAY,141,1,59,21,1,12,25
2023,SPRING VALLEY,961,159,271,131,92,73,33
2023,SUN CITY,1,0,0,1,0,0,0
2023,TECATE,59,5,0,3,1,0,7
2023,TEMECULA,9,1,1,7,0,0,0
2023,UNKNOWN/UNREPORTED,1,1,0,0,0,0,0
2023,VALLEY CENTER,392,43,169,66,35,19,13
2023,VISTA,2647,230,895,264,150,96,288
2023,VISTA UNINC,162,24,50,11,21,12,14
2023,WARNER SPRINGS,12,2,2,3,1,1,0
2024,4S RANCH,4,3,0,1,0,0,0
2024,ALPINE,78,7,26,4,4,3,3
2024,BONITA,17,6,3,2,4,0,1
2024,BONSALL,15,1,8,1,1,0,0
2024,BORREGO SPRINGS,3,1,0,0,2,0,0
2024,BOULEVARD,22,1,4,4,0,3,3
2024,CAMP PENDLETON,5,0,0,0,0,0,1
2024,CAMPO,21,5,1,3,3,3,0
2024,CARDIFF BY THE SEA,12,0,0,1,1,0,3
2024,CARLSBAD,99,2,20,15,5,2,5
2024,CHULA VISTA,112,6,30,23,5,7,8
2024,CORONADO,1,0,0,1,1,0,0
2024,DEL MAR,71,1,9,4,7,1,12
2024,DESCANSO,1,0,0,1,0,0,0
2024,DULZURA,16,0,2,2,1,2,3
2024,EL CAJON,251,22,44,30,18,11,11
2024,EL CAJON UNINC,62,15,10,10,9,8,1
2024,ENCINITAS,1025,78,242,116,82,27,161
2024,ESCONDIDO,548,11,96,28,12,15,25
2024,ESCONDIDO UNINC,13,5,5,0,0,0,0
2024,FALLBROOK,230,41,102,15,17,8,11
2024,HEMET,2,0,0,0,0,0,0
2024,IMPERIAL BEACH,695,102,185,45,71,19,109
2024,JACUMBA,7,3,0,0,2,0,0
2024,JAMUL,67,2,14,17,3,1,4
2024,JULIAN,14,5,4,1,0,2,0
2024,LA MESA,39,6,13,5,5,1,5
2024,LA MESA UNINC,25,6,9,1,4,0,2
2024,LAKE ELSINORE,2,0,0,2,0,0,0
2024,LAKESIDE,144,22,31,13,21,8,6
2024,LEMON GROVE,797,60,265,110,58,24,80
2024,LINCOLN ACRES,5,2,1,1,1,0,0
2024,LOS ANGELES,2,0,0,1,0,0,0
2024,LYNWOOD,1,0,0,1,0,0,0
2024,MULTIPLE/CONFLICTING,46,1,27,19,5,4,2
2024,MURRIETA,3,0,1,0,0,0,0
2024,NATIONAL CITY,69,3,24,4,2,1,2
2024,OCEANSIDE,1055,6,158,23,8,16,18
2024,OTAY,1,0,0,0,0,0,0
2024,OTAY MESA,1,0,0,0,0,0,0
2024,OTHER/UNVERIFIED LOCALITY LABEL,43,1,5,15,2,0,3
2024,PALA,27,4,12,6,4,3,0
2024,PALOMAR MOUNTAIN,1,0,1,0,0,0,0
2024,PAUMA VALLEY,30,1,9,6,1,0,0
2024,PERRIS,1,0,0,1,0,0,0
2024,PHOENIX,1,0,0,0,0,0,0
2024,PINE VALLEY,24,0,11,4,1,3,0
2024,POTRERO,1,1,0,1,0,0,0
2024,POWAY,515,54,101,58,33,18,142
2024,RAMONA,117,24,35,8,6,7,7
2024,RANCHITA,1,0,0,0,1,1,0
2024,RANCHO SANTA FE,4,0,0,0,0,0,1
2024,RIVERSIDE,3,0,0,3,0,0,0
2024,SAN CLEMENTE,9,0,7,0,0,1,0
2024,SAN DIEGO,718,18,132,113,52,21,38
2024,SAN JACINTO,2,0,0,2,0,0,0
2024,SAN JUAN CAPISTRANO,1,0,0,1,0,0,0
2024,SAN MARCOS,1221,149,337,131,67,69,199
2024,SAN MARCOS UNINC,5,1,1,1,2,0,0
2024,SAN YSIDRO,12,0,5,3,0,0,1
2024,SANTA ANA,1,0,0,1,0,0,0
2024,SANTA YSABEL,6,0,1,1,3,1,0
2024,SANTEE,1105,95,251,141,77,33,147
2024,SHERIFF (administrative label),4176,536,977,609,467,184,108
2024,SOLANA BEACH,112,11,16,9,6,2,16
2024,SOUTH BAY,151,3,73,17,3,6,12
2024,SPRING VALLEY,246,31,71,27,28,12,3
2024,TECATE,18,0,2,4,0,1,1
2024,TEMECULA,6,0,3,4,0,0,0
2024,UNKNOWN/UNREPORTED,26,3,4,5,2,0,1
2024,VALLEY CENTER,77,6,32,16,5,4,5
2024,VISTA,2847,205,1004,273,141,117,352
2024,VISTA UNINC,30,8,5,1,1,1,2
2024,WARNER SPRINGS,3,0,0,1,0,1,0
2025,4S RANCH,11,2,1,1,0,1,1
2025,ALPINE,121,19,40,16,3,0,11
2025,BONITA,35,5,8,4,11,0,2
2025,BONSALL,19,5,7,1,2,0,0
2025,BORREGO SPRINGS,15,3,3,4,1,0,0
2025,BOULEVARD,18,4,0,5,1,1,1
2025,CAMP PENDLETON,2,0,2,0,0,0,0
2025,CAMPO,10,3,0,4,3,0,0
2025,CARDIFF BY THE SEA,7,0,1,0,0,0,5
2025,CARLSBAD,35,3,11,6,2,1,5
2025,CHULA VISTA,38,3,15,6,6,3,4
2025,DEL MAR,39,4,5,2,4,0,9
2025,DESCANSO,2,0,0,0,0,0,0
2025,DULZURA,5,1,1,0,0,2,0
2025,EL CAJON,102,8,28,19,10,6,3
2025,EL CAJON UNINC,249,35,55,57,28,12,5
2025,ENCINITAS,599,43,83,71,34,7,103
2025,ENCINITAS UNINC,1,0,0,1,0,0,0
2025,ESCONDIDO,193,6,50,11,5,2,24
2025,ESCONDIDO UNINC,55,16,23,7,6,0,6
2025,FALLBROOK,390,50,147,25,45,17,9
2025,IMPERIAL BEACH,270,42,69,18,32,11,45
2025,JACUMBA,3,2,0,1,0,0,0
2025,JAMUL,40,6,9,4,5,1,2
2025,JULIAN,10,6,1,1,2,1,0
2025,LA JOLLA,1,0,0,0,0,0,0
2025,LA MESA,14,5,2,0,4,0,1
2025,LA MESA UNINC,52,10,11,10,5,3,1
2025,LAKE ELSINORE,1,0,0,1,0,0,0
2025,LAKESIDE,265,50,49,23,33,16,6
2025,LEMON GROVE,447,37,153,59,40,12,58
2025,LINCOLN ACRES,6,2,1,0,0,1,0
2025,LONG BEACH,2,0,0,2,0,0,0
2025,LOS ANGELES,2,0,0,2,0,0,0
2025,MORENO VALLEY,1,0,0,1,0,0,0
2025,MULTIPLE/CONFLICTING,25,0,9,16,0,3,2
2025,MURRIETA,2,0,0,1,0,0,1
2025,NATIONAL CITY,13,2,1,3,2,1,0
2025,OCEANSIDE,398,3,114,11,3,6,21
2025,OTAY,13,0,2,1,1,2,1
2025,OTHER/UNVERIFIED LOCALITY LABEL,19,0,1,5,1,0,0
2025,PALA,37,5,13,6,4,0,0
2025,PAUMA VALLEY,27,4,14,4,2,1,0
2025,PERRIS,1,1,0,0,0,0,0
2025,PHOENIX,1,0,0,0,0,0,0
2025,PINE VALLEY,13,2,3,3,0,1,1
2025,POWAY,331,30,76,20,27,9,117
2025,POWAY UNINC,3,2,0,0,0,0,0
2025,RAMONA,182,31,54,18,23,11,11
2025,RANCHITA,4,0,0,2,1,0,0
2025,RANCHO SANTA FE,15,4,3,3,3,0,0
2025,RIVERSIDE,1,0,0,1,0,0,0
2025,SAN BERNARDINO,1,0,0,1,0,0,0
2025,SAN CLEMENTE,5,1,4,0,0,0,0
2025,SAN DIEGO,289,8,60,42,23,12,30
2025,SAN MARCOS,682,101,165,79,38,28,171
2025,SAN MARCOS UNINC,13,3,2,0,1,0,0
2025,SAN YSIDRO,2,1,0,2,0,0,0
2025,SANTA ANA,1,0,0,0,0,0,0
2025,SANTA YSABEL,5,3,0,0,0,0,0
2025,SANTEE,498,63,102,103,47,22,56
2025,SHERIFF (administrative label),479,14,25,134,45,15,14
2025,SOLANA BEACH,65,9,11,6,4,1,16
2025,SOUTH BAY,69,1,42,5,1,2,6
2025,SPRING VALLEY,462,69,126,54,41,18,13
2025,SUN CITY,1,0,0,1,0,0,0
2025,TECATE,11,0,1,2,0,0,1
2025,TEMECULA,5,1,1,3,0,0,0
2025,UNKNOWN/UNREPORTED,1,0,0,0,0,0,0
2025,VALLEY CENTER,130,20,47,21,14,11,10
2025,VISTA,1337,134,420,137,98,42,209
2025,VISTA UNINC,80,18,12,9,17,3,8
2025,WARNER SPRINGS,2,0,0,1,0,0,0
MULTIPLE/CONFLICTING,FALLBROOK,1,0,0,0,0,0,0
MULTIPLE/CONFLICTING,LEMON GROVE,1,0,0,0,1,1,0
MULTIPLE/CONFLICTING,MULTIPLE/CONFLICTING,34,0,17,10,1,4,1
MULTIPLE/CONFLICTING,VISTA,1,0,0,0,0,0,0
